variant,depth,size,active_qubits,num_nonlocal_gates,two_qubit_gates,measure_ops,swap_ops,cx_ops,ecr_ops,cz_ops,subset
optimised,11,21,5,16,16,5,6,0,0,0,"(0, 1, 2, 3, 4)"
regular,20,27,5,22,22,5,12,0,0,0,"(0, 1, 2, 3, 4)"
optimised,11,21,5,16,16,5,6,0,0,0,"(0, 1, 2, 3, 16)"
regular,20,27,5,22,22,5,12,0,0,0,"(0, 1, 2, 3, 16)"
optimised,11,21,5,16,16,5,6,0,0,0,"(1, 2, 3, 4, 5)"
regular,20,27,5,22,22,5,12,0,0,0,"(1, 2, 3, 4, 5)"
optimised,14,21,5,16,16,5,6,0,0,0,"(1, 2, 3, 4, 16)"
regular,18,24,5,19,19,5,9,0,0,0,"(1, 2, 3, 4, 16)"
optimised,11,21,5,16,16,5,6,0,0,0,"(1, 2, 3, 16, 23)"
regular,20,27,5,22,22,5,12,0,0,0,"(1, 2, 3, 16, 23)"
optimised,11,21,5,16,16,5,6,0,0,0,"(2, 3, 4, 5, 6)"
regular,20,27,5,22,22,5,12,0,0,0,"(2, 3, 4, 5, 6)"
optimised,13,20,5,15,15,5,5,0,0,0,"(2, 3, 4, 5, 16)"
regular,19,23,5,18,18,5,8,0,0,0,"(2, 3, 4, 5, 16)"
optimised,12,19,5,14,14,5,4,0,0,0,"(2, 3, 4, 16, 23)"
regular,15,22,5,17,17,5,7,0,0,0,"(2, 3, 4, 16, 23)"
optimised,13,22,5,17,17,5,7,0,0,0,"(2, 3, 16, 22, 23)"
regular,20,28,5,23,23,5,13,0,0,0,"(2, 3, 16, 22, 23)"
optimised,11,21,5,16,16,5,6,0,0,0,"(2, 3, 16, 23, 24)"
regular,20,27,5,22,22,5,12,0,0,0,"(2, 3, 16, 23, 24)"
optimised,11,21,5,16,16,5,6,0,0,0,"(3, 4, 5, 6, 7)"
regular,20,27,5,22,22,5,12,0,0,0,"(3, 4, 5, 6, 7)"
optimised,11,21,5,16,16,5,6,0,0,0,"(3, 4, 5, 6, 16)"
regular,24,29,5,24,24,5,14,0,0,0,"(3, 4, 5, 6, 16)"
optimised,11,20,5,15,15,5,5,0,0,0,"(3, 4, 5, 16, 23)"
regular,21,26,5,21,21,5,11,0,0,0,"(3, 4, 5, 16, 23)"
optimised,12,24,5,19,19,5,9,0,0,0,"(3, 4, 16, 22, 23)"
regular,20,29,5,24,24,5,14,0,0,0,"(3, 4, 16, 22, 23)"
optimised,12,22,5,17,17,5,7,0,0,0,"(3, 4, 16, 23, 24)"
regular,20,28,5,23,23,5,13,0,0,0,"(3, 4, 16, 23, 24)"
optimised,15,24,5,19,19,5,9,0,0,0,"(3, 16, 21, 22, 23)"
regular,22,30,5,25,25,5,15,0,0,0,"(3, 16, 21, 22, 23)"
optimised,14,21,5,16,16,5,6,0,0,0,"(3, 16, 22, 23, 24)"
regular,19,25,5,20,20,5,10,0,0,0,"(3, 16, 22, 23, 24)"
optimised,11,21,5,16,16,5,6,0,0,0,"(3, 16, 23, 24, 25)"
regular,20,27,5,22,22,5,12,0,0,0,"(3, 16, 23, 24, 25)"
optimised,11,21,5,16,16,5,6,0,0,0,"(4, 5, 6, 7, 8)"
regular,20,27,5,22,22,5,12,0,0,0,"(4, 5, 6, 7, 8)"
optimised,11,21,5,16,16,5,6,0,0,0,"(4, 5, 6, 7, 17)"
regular,20,27,5,22,22,5,12,0,0,0,"(4, 5, 6, 7, 17)"
optimised,11,21,5,16,16,5,6,0,0,0,"(5, 6, 7, 8, 9)"
regular,20,27,5,22,22,5,12,0,0,0,"(5, 6, 7, 8, 9)"
optimised,14,21,5,16,16,5,6,0,0,0,"(5, 6, 7, 8, 17)"
regular,18,24,5,19,19,5,9,0,0,0,"(5, 6, 7, 8, 17)"
optimised,11,21,5,16,16,5,6,0,0,0,"(5, 6, 7, 17, 27)"
regular,20,27,5,22,22,5,12,0,0,0,"(5, 6, 7, 17, 27)"
optimised,11,21,5,16,16,5,6,0,0,0,"(6, 7, 8, 9, 10)"
regular,20,27,5,22,22,5,12,0,0,0,"(6, 7, 8, 9, 10)"
optimised,13,20,5,15,15,5,5,0,0,0,"(6, 7, 8, 9, 17)"
regular,19,23,5,18,18,5,8,0,0,0,"(6, 7, 8, 9, 17)"
optimised,12,19,5,14,14,5,4,0,0,0,"(6, 7, 8, 17, 27)"
regular,15,22,5,17,17,5,7,0,0,0,"(6, 7, 8, 17, 27)"
optimised,13,22,5,17,17,5,7,0,0,0,"(6, 7, 17, 26, 27)"
regular,20,28,5,23,23,5,13,0,0,0,"(6, 7, 17, 26, 27)"
optimised,11,21,5,16,16,5,6,0,0,0,"(6, 7, 17, 27, 28)"
regular,20,27,5,22,22,5,12,0,0,0,"(6, 7, 17, 27, 28)"
optimised,11,21,5,16,16,5,6,0,0,0,"(7, 8, 9, 10, 11)"
regular,20,27,5,22,22,5,12,0,0,0,"(7, 8, 9, 10, 11)"
optimised,11,21,5,16,16,5,6,0,0,0,"(7, 8, 9, 10, 17)"
regular,24,29,5,24,24,5,14,0,0,0,"(7, 8, 9, 10, 17)"
optimised,11,20,5,15,15,5,5,0,0,0,"(7, 8, 9, 17, 27)"
regular,21,26,5,21,21,5,11,0,0,0,"(7, 8, 9, 17, 27)"
optimised,12,24,5,19,19,5,9,0,0,0,"(7, 8, 17, 26, 27)"
regular,20,29,5,24,24,5,14,0,0,0,"(7, 8, 17, 26, 27)"
optimised,12,22,5,17,17,5,7,0,0,0,"(7, 8, 17, 27, 28)"
regular,20,28,5,23,23,5,13,0,0,0,"(7, 8, 17, 27, 28)"
optimised,15,24,5,19,19,5,9,0,0,0,"(7, 17, 25, 26, 27)"
regular,22,30,5,25,25,5,15,0,0,0,"(7, 17, 25, 26, 27)"
optimised,14,21,5,16,16,5,6,0,0,0,"(7, 17, 26, 27, 28)"
regular,19,25,5,20,20,5,10,0,0,0,"(7, 17, 26, 27, 28)"
optimised,11,21,5,16,16,5,6,0,0,0,"(7, 17, 27, 28, 29)"
regular,20,27,5,22,22,5,12,0,0,0,"(7, 17, 27, 28, 29)"
optimised,11,21,5,16,16,5,6,0,0,0,"(8, 9, 10, 11, 12)"
regular,20,27,5,22,22,5,12,0,0,0,"(8, 9, 10, 11, 12)"
optimised,11,21,5,16,16,5,6,0,0,0,"(8, 9, 10, 11, 18)"
regular,20,27,5,22,22,5,12,0,0,0,"(8, 9, 10, 11, 18)"
optimised,11,21,5,16,16,5,6,0,0,0,"(9, 10, 11, 12, 13)"
regular,20,27,5,22,22,5,12,0,0,0,"(9, 10, 11, 12, 13)"
optimised,14,21,5,16,16,5,6,0,0,0,"(9, 10, 11, 12, 18)"
regular,18,24,5,19,19,5,9,0,0,0,"(9, 10, 11, 12, 18)"
optimised,11,21,5,16,16,5,6,0,0,0,"(9, 10, 11, 18, 31)"
regular,20,27,5,22,22,5,12,0,0,0,"(9, 10, 11, 18, 31)"
optimised,11,21,5,16,16,5,6,0,0,0,"(10, 11, 12, 13, 14)"
regular,20,27,5,22,22,5,12,0,0,0,"(10, 11, 12, 13, 14)"
optimised,13,20,5,15,15,5,5,0,0,0,"(10, 11, 12, 13, 18)"
regular,19,23,5,18,18,5,8,0,0,0,"(10, 11, 12, 13, 18)"
optimised,12,19,5,14,14,5,4,0,0,0,"(10, 11, 12, 18, 31)"
regular,15,22,5,17,17,5,7,0,0,0,"(10, 11, 12, 18, 31)"
optimised,13,22,5,17,17,5,7,0,0,0,"(10, 11, 18, 30, 31)"
regular,20,28,5,23,23,5,13,0,0,0,"(10, 11, 18, 30, 31)"
optimised,11,21,5,16,16,5,6,0,0,0,"(10, 11, 18, 31, 32)"
regular,20,27,5,22,22,5,12,0,0,0,"(10, 11, 18, 31, 32)"
optimised,11,21,5,16,16,5,6,0,0,0,"(11, 12, 13, 14, 15)"
regular,20,27,5,22,22,5,12,0,0,0,"(11, 12, 13, 14, 15)"
optimised,11,21,5,16,16,5,6,0,0,0,"(11, 12, 13, 14, 18)"
regular,24,29,5,24,24,5,14,0,0,0,"(11, 12, 13, 14, 18)"
optimised,11,20,5,15,15,5,5,0,0,0,"(11, 12, 13, 18, 31)"
regular,21,26,5,21,21,5,11,0,0,0,"(11, 12, 13, 18, 31)"
optimised,12,24,5,19,19,5,9,0,0,0,"(11, 12, 18, 30, 31)"
regular,20,29,5,24,24,5,14,0,0,0,"(11, 12, 18, 30, 31)"
optimised,12,22,5,17,17,5,7,0,0,0,"(11, 12, 18, 31, 32)"
regular,20,28,5,23,23,5,13,0,0,0,"(11, 12, 18, 31, 32)"
optimised,15,24,5,19,19,5,9,0,0,0,"(11, 18, 29, 30, 31)"
regular,22,30,5,25,25,5,15,0,0,0,"(11, 18, 29, 30, 31)"
optimised,14,21,5,16,16,5,6,0,0,0,"(11, 18, 30, 31, 32)"
regular,19,25,5,20,20,5,10,0,0,0,"(11, 18, 30, 31, 32)"
optimised,11,21,5,16,16,5,6,0,0,0,"(11, 18, 31, 32, 33)"
regular,20,27,5,22,22,5,12,0,0,0,"(11, 18, 31, 32, 33)"
optimised,11,21,5,16,16,5,6,0,0,0,"(12, 13, 14, 15, 19)"
regular,20,27,5,22,22,5,12,0,0,0,"(12, 13, 14, 15, 19)"
optimised,11,21,5,16,16,5,6,0,0,0,"(13, 14, 15, 19, 35)"
regular,20,27,5,22,22,5,12,0,0,0,"(13, 14, 15, 19, 35)"
optimised,13,22,5,17,17,5,7,0,0,0,"(14, 15, 19, 34, 35)"
regular,20,28,5,23,23,5,13,0,0,0,"(14, 15, 19, 34, 35)"
optimised,15,24,5,19,19,5,9,0,0,0,"(15, 19, 33, 34, 35)"
regular,22,30,5,25,25,5,15,0,0,0,"(15, 19, 33, 34, 35)"
optimised,12,22,5,17,17,5,7,0,0,0,"(16, 20, 21, 22, 23)"
regular,18,27,5,22,22,5,12,0,0,0,"(16, 20, 21, 22, 23)"
optimised,12,20,5,15,15,5,5,0,0,0,"(16, 21, 22, 23, 24)"
regular,17,24,5,19,19,5,9,0,0,0,"(16, 21, 22, 23, 24)"
optimised,11,20,5,15,15,5,5,0,0,0,"(16, 21, 22, 23, 36)"
regular,15,24,5,19,19,5,9,0,0,0,"(16, 21, 22, 23, 36)"
optimised,15,21,5,16,16,5,6,0,0,0,"(16, 22, 23, 24, 25)"
regular,14,21,5,16,16,5,6,0,0,0,"(16, 22, 23, 24, 25)"
optimised,11,21,5,16,16,5,6,0,0,0,"(16, 23, 24, 25, 26)"
regular,20,27,5,22,22,5,12,0,0,0,"(16, 23, 24, 25, 26)"
optimised,11,21,5,16,16,5,6,0,0,0,"(16, 23, 24, 25, 37)"
regular,20,27,5,22,22,5,12,0,0,0,"(16, 23, 24, 25, 37)"
optimised,12,22,5,17,17,5,7,0,0,0,"(17, 24, 25, 26, 27)"
regular,18,27,5,22,22,5,12,0,0,0,"(17, 24, 25, 26, 27)"
optimised,12,20,5,15,15,5,5,0,0,0,"(17, 25, 26, 27, 28)"
regular,17,24,5,19,19,5,9,0,0,0,"(17, 25, 26, 27, 28)"
optimised,11,20,5,15,15,5,5,0,0,0,"(17, 25, 26, 27, 37)"
regular,15,24,5,19,19,5,9,0,0,0,"(17, 25, 26, 27, 37)"
optimised,15,21,5,16,16,5,6,0,0,0,"(17, 26, 27, 28, 29)"
regular,14,21,5,16,16,5,6,0,0,0,"(17, 26, 27, 28, 29)"
optimised,11,21,5,16,16,5,6,0,0,0,"(17, 27, 28, 29, 30)"
regular,20,27,5,22,22,5,12,0,0,0,"(17, 27, 28, 29, 30)"
optimised,11,21,5,16,16,5,6,0,0,0,"(17, 27, 28, 29, 38)"
regular,20,27,5,22,22,5,12,0,0,0,"(17, 27, 28, 29, 38)"
optimised,12,22,5,17,17,5,7,0,0,0,"(18, 28, 29, 30, 31)"
regular,18,27,5,22,22,5,12,0,0,0,"(18, 28, 29, 30, 31)"
optimised,12,20,5,15,15,5,5,0,0,0,"(18, 29, 30, 31, 32)"
regular,17,24,5,19,19,5,9,0,0,0,"(18, 29, 30, 31, 32)"
optimised,11,20,5,15,15,5,5,0,0,0,"(18, 29, 30, 31, 38)"
regular,15,24,5,19,19,5,9,0,0,0,"(18, 29, 30, 31, 38)"
optimised,15,21,5,16,16,5,6,0,0,0,"(18, 30, 31, 32, 33)"
regular,14,21,5,16,16,5,6,0,0,0,"(18, 30, 31, 32, 33)"
optimised,11,21,5,16,16,5,6,0,0,0,"(18, 31, 32, 33, 34)"
regular,20,27,5,22,22,5,12,0,0,0,"(18, 31, 32, 33, 34)"
optimised,11,21,5,16,16,5,6,0,0,0,"(18, 31, 32, 33, 39)"
regular,20,27,5,22,22,5,12,0,0,0,"(18, 31, 32, 33, 39)"
optimised,12,22,5,17,17,5,7,0,0,0,"(19, 32, 33, 34, 35)"
regular,18,27,5,22,22,5,12,0,0,0,"(19, 32, 33, 34, 35)"
optimised,11,20,5,15,15,5,5,0,0,0,"(19, 33, 34, 35, 39)"
regular,15,24,5,19,19,5,9,0,0,0,"(19, 33, 34, 35, 39)"
optimised,11,21,5,16,16,5,6,0,0,0,"(20, 21, 22, 23, 24)"
regular,20,27,5,22,22,5,12,0,0,0,"(20, 21, 22, 23, 24)"
optimised,13,20,5,15,15,5,5,0,0,0,"(20, 21, 22, 23, 36)"
regular,19,23,5,18,18,5,8,0,0,0,"(20, 21, 22, 23, 36)"
optimised,12,19,5,14,14,5,4,0,0,0,"(20, 21, 22, 36, 41)"
regular,15,22,5,17,17,5,7,0,0,0,"(20, 21, 22, 36, 41)"
optimised,13,22,5,17,17,5,7,0,0,0,"(20, 21, 36, 40, 41)"
regular,20,28,5,23,23,5,13,0,0,0,"(20, 21, 36, 40, 41)"
optimised,11,21,5,16,16,5,6,0,0,0,"(20, 21, 36, 41, 42)"
regular,20,27,5,22,22,5,12,0,0,0,"(20, 21, 36, 41, 42)"
optimised,11,21,5,16,16,5,6,0,0,0,"(21, 22, 23, 24, 25)"
regular,20,27,5,22,22,5,12,0,0,0,"(21, 22, 23, 24, 25)"
optimised,11,21,5,16,16,5,6,0,0,0,"(21, 22, 23, 24, 36)"
regular,24,29,5,24,24,5,14,0,0,0,"(21, 22, 23, 24, 36)"
optimised,11,20,5,15,15,5,5,0,0,0,"(21, 22, 23, 36, 41)"
regular,21,26,5,21,21,5,11,0,0,0,"(21, 22, 23, 36, 41)"
optimised,12,24,5,19,19,5,9,0,0,0,"(21, 22, 36, 40, 41)"
regular,20,29,5,24,24,5,14,0,0,0,"(21, 22, 36, 40, 41)"
optimised,12,22,5,17,17,5,7,0,0,0,"(21, 22, 36, 41, 42)"
regular,20,28,5,23,23,5,13,0,0,0,"(21, 22, 36, 41, 42)"
optimised,14,21,5,16,16,5,6,0,0,0,"(21, 36, 40, 41, 42)"
regular,19,25,5,20,20,5,10,0,0,0,"(21, 36, 40, 41, 42)"
optimised,11,21,5,16,16,5,6,0,0,0,"(21, 36, 41, 42, 43)"
regular,20,27,5,22,22,5,12,0,0,0,"(21, 36, 41, 42, 43)"
optimised,11,21,5,16,16,5,6,0,0,0,"(22, 23, 24, 25, 26)"
regular,20,27,5,22,22,5,12,0,0,0,"(22, 23, 24, 25, 26)"
optimised,11,21,5,16,16,5,6,0,0,0,"(22, 23, 24, 25, 37)"
regular,20,27,5,22,22,5,12,0,0,0,"(22, 23, 24, 25, 37)"
optimised,11,21,5,16,16,5,6,0,0,0,"(23, 24, 25, 26, 27)"
regular,20,27,5,22,22,5,12,0,0,0,"(23, 24, 25, 26, 27)"
optimised,14,21,5,16,16,5,6,0,0,0,"(23, 24, 25, 26, 37)"
regular,18,24,5,19,19,5,9,0,0,0,"(23, 24, 25, 26, 37)"
optimised,11,21,5,16,16,5,6,0,0,0,"(23, 24, 25, 37, 45)"
regular,20,27,5,22,22,5,12,0,0,0,"(23, 24, 25, 37, 45)"
optimised,11,21,5,16,16,5,6,0,0,0,"(24, 25, 26, 27, 28)"
regular,20,27,5,22,22,5,12,0,0,0,"(24, 25, 26, 27, 28)"
optimised,13,20,5,15,15,5,5,0,0,0,"(24, 25, 26, 27, 37)"
regular,19,23,5,18,18,5,8,0,0,0,"(24, 25, 26, 27, 37)"
optimised,12,19,5,14,14,5,4,0,0,0,"(24, 25, 26, 37, 45)"
regular,15,22,5,17,17,5,7,0,0,0,"(24, 25, 26, 37, 45)"
optimised,13,22,5,17,17,5,7,0,0,0,"(24, 25, 37, 44, 45)"
regular,20,28,5,23,23,5,13,0,0,0,"(24, 25, 37, 44, 45)"
optimised,11,21,5,16,16,5,6,0,0,0,"(24, 25, 37, 45, 46)"
regular,20,27,5,22,22,5,12,0,0,0,"(24, 25, 37, 45, 46)"
optimised,11,21,5,16,16,5,6,0,0,0,"(25, 26, 27, 28, 29)"
regular,20,27,5,22,22,5,12,0,0,0,"(25, 26, 27, 28, 29)"
optimised,11,21,5,16,16,5,6,0,0,0,"(25, 26, 27, 28, 37)"
regular,24,29,5,24,24,5,14,0,0,0,"(25, 26, 27, 28, 37)"
optimised,11,20,5,15,15,5,5,0,0,0,"(25, 26, 27, 37, 45)"
regular,21,26,5,21,21,5,11,0,0,0,"(25, 26, 27, 37, 45)"
optimised,12,24,5,19,19,5,9,0,0,0,"(25, 26, 37, 44, 45)"
regular,20,29,5,24,24,5,14,0,0,0,"(25, 26, 37, 44, 45)"
optimised,12,22,5,17,17,5,7,0,0,0,"(25, 26, 37, 45, 46)"
regular,20,28,5,23,23,5,13,0,0,0,"(25, 26, 37, 45, 46)"
optimised,15,24,5,19,19,5,9,0,0,0,"(25, 37, 43, 44, 45)"
regular,22,30,5,25,25,5,15,0,0,0,"(25, 37, 43, 44, 45)"
optimised,14,21,5,16,16,5,6,0,0,0,"(25, 37, 44, 45, 46)"
regular,19,25,5,20,20,5,10,0,0,0,"(25, 37, 44, 45, 46)"
optimised,11,21,5,16,16,5,6,0,0,0,"(25, 37, 45, 46, 47)"
regular,20,27,5,22,22,5,12,0,0,0,"(25, 37, 45, 46, 47)"
optimised,11,21,5,16,16,5,6,0,0,0,"(26, 27, 28, 29, 30)"
regular,20,27,5,22,22,5,12,0,0,0,"(26, 27, 28, 29, 30)"
optimised,11,21,5,16,16,5,6,0,0,0,"(26, 27, 28, 29, 38)"
regular,20,27,5,22,22,5,12,0,0,0,"(26, 27, 28, 29, 38)"
optimised,11,21,5,16,16,5,6,0,0,0,"(27, 28, 29, 30, 31)"
regular,20,27,5,22,22,5,12,0,0,0,"(27, 28, 29, 30, 31)"
optimised,14,21,5,16,16,5,6,0,0,0,"(27, 28, 29, 30, 38)"
regular,18,24,5,19,19,5,9,0,0,0,"(27, 28, 29, 30, 38)"
optimised,11,21,5,16,16,5,6,0,0,0,"(27, 28, 29, 38, 49)"
regular,20,27,5,22,22,5,12,0,0,0,"(27, 28, 29, 38, 49)"
optimised,11,21,5,16,16,5,6,0,0,0,"(28, 29, 30, 31, 32)"
regular,20,27,5,22,22,5,12,0,0,0,"(28, 29, 30, 31, 32)"
optimised,13,20,5,15,15,5,5,0,0,0,"(28, 29, 30, 31, 38)"
regular,19,23,5,18,18,5,8,0,0,0,"(28, 29, 30, 31, 38)"
optimised,12,19,5,14,14,5,4,0,0,0,"(28, 29, 30, 38, 49)"
regular,15,22,5,17,17,5,7,0,0,0,"(28, 29, 30, 38, 49)"
optimised,13,22,5,17,17,5,7,0,0,0,"(28, 29, 38, 48, 49)"
regular,20,28,5,23,23,5,13,0,0,0,"(28, 29, 38, 48, 49)"
optimised,11,21,5,16,16,5,6,0,0,0,"(28, 29, 38, 49, 50)"
regular,20,27,5,22,22,5,12,0,0,0,"(28, 29, 38, 49, 50)"
optimised,11,21,5,16,16,5,6,0,0,0,"(29, 30, 31, 32, 33)"
regular,20,27,5,22,22,5,12,0,0,0,"(29, 30, 31, 32, 33)"
optimised,11,21,5,16,16,5,6,0,0,0,"(29, 30, 31, 32, 38)"
regular,24,29,5,24,24,5,14,0,0,0,"(29, 30, 31, 32, 38)"
optimised,11,20,5,15,15,5,5,0,0,0,"(29, 30, 31, 38, 49)"
regular,21,26,5,21,21,5,11,0,0,0,"(29, 30, 31, 38, 49)"
optimised,12,24,5,19,19,5,9,0,0,0,"(29, 30, 38, 48, 49)"
regular,20,29,5,24,24,5,14,0,0,0,"(29, 30, 38, 48, 49)"
optimised,12,22,5,17,17,5,7,0,0,0,"(29, 30, 38, 49, 50)"
regular,20,28,5,23,23,5,13,0,0,0,"(29, 30, 38, 49, 50)"
optimised,15,24,5,19,19,5,9,0,0,0,"(29, 38, 47, 48, 49)"
regular,22,30,5,25,25,5,15,0,0,0,"(29, 38, 47, 48, 49)"
optimised,14,21,5,16,16,5,6,0,0,0,"(29, 38, 48, 49, 50)"
regular,19,25,5,20,20,5,10,0,0,0,"(29, 38, 48, 49, 50)"
optimised,11,21,5,16,16,5,6,0,0,0,"(29, 38, 49, 50, 51)"
regular,20,27,5,22,22,5,12,0,0,0,"(29, 38, 49, 50, 51)"
optimised,11,21,5,16,16,5,6,0,0,0,"(30, 31, 32, 33, 34)"
regular,20,27,5,22,22,5,12,0,0,0,"(30, 31, 32, 33, 34)"
optimised,11,21,5,16,16,5,6,0,0,0,"(30, 31, 32, 33, 39)"
regular,20,27,5,22,22,5,12,0,0,0,"(30, 31, 32, 33, 39)"
optimised,11,21,5,16,16,5,6,0,0,0,"(31, 32, 33, 34, 35)"
regular,20,27,5,22,22,5,12,0,0,0,"(31, 32, 33, 34, 35)"
optimised,14,21,5,16,16,5,6,0,0,0,"(31, 32, 33, 34, 39)"
regular,18,24,5,19,19,5,9,0,0,0,"(31, 32, 33, 34, 39)"
optimised,11,21,5,16,16,5,6,0,0,0,"(31, 32, 33, 39, 53)"
regular,20,27,5,22,22,5,12,0,0,0,"(31, 32, 33, 39, 53)"
optimised,13,20,5,15,15,5,5,0,0,0,"(32, 33, 34, 35, 39)"
regular,19,23,5,18,18,5,8,0,0,0,"(32, 33, 34, 35, 39)"
optimised,12,19,5,14,14,5,4,0,0,0,"(32, 33, 34, 39, 53)"
regular,15,22,5,17,17,5,7,0,0,0,"(32, 33, 34, 39, 53)"
optimised,13,22,5,17,17,5,7,0,0,0,"(32, 33, 39, 52, 53)"
regular,20,28,5,23,23,5,13,0,0,0,"(32, 33, 39, 52, 53)"
optimised,11,21,5,16,16,5,6,0,0,0,"(32, 33, 39, 53, 54)"
regular,20,27,5,22,22,5,12,0,0,0,"(32, 33, 39, 53, 54)"
optimised,11,20,5,15,15,5,5,0,0,0,"(33, 34, 35, 39, 53)"
regular,21,26,5,21,21,5,11,0,0,0,"(33, 34, 35, 39, 53)"
optimised,12,24,5,19,19,5,9,0,0,0,"(33, 34, 39, 52, 53)"
regular,20,29,5,24,24,5,14,0,0,0,"(33, 34, 39, 52, 53)"
optimised,12,22,5,17,17,5,7,0,0,0,"(33, 34, 39, 53, 54)"
regular,20,28,5,23,23,5,13,0,0,0,"(33, 34, 39, 53, 54)"
optimised,15,24,5,19,19,5,9,0,0,0,"(33, 39, 51, 52, 53)"
regular,22,30,5,25,25,5,15,0,0,0,"(33, 39, 51, 52, 53)"
optimised,14,21,5,16,16,5,6,0,0,0,"(33, 39, 52, 53, 54)"
regular,19,25,5,20,20,5,10,0,0,0,"(33, 39, 52, 53, 54)"
optimised,11,21,5,16,16,5,6,0,0,0,"(33, 39, 53, 54, 55)"
regular,20,27,5,22,22,5,12,0,0,0,"(33, 39, 53, 54, 55)"
optimised,15,21,5,16,16,5,6,0,0,0,"(36, 40, 41, 42, 43)"
regular,14,21,5,16,16,5,6,0,0,0,"(36, 40, 41, 42, 43)"
optimised,11,21,5,16,16,5,6,0,0,0,"(36, 41, 42, 43, 44)"
regular,20,27,5,22,22,5,12,0,0,0,"(36, 41, 42, 43, 44)"
optimised,11,21,5,16,16,5,6,0,0,0,"(36, 41, 42, 43, 56)"
regular,20,27,5,22,22,5,12,0,0,0,"(36, 41, 42, 43, 56)"
optimised,12,22,5,17,17,5,7,0,0,0,"(37, 42, 43, 44, 45)"
regular,18,27,5,22,22,5,12,0,0,0,"(37, 42, 43, 44, 45)"
optimised,12,20,5,15,15,5,5,0,0,0,"(37, 43, 44, 45, 46)"
regular,17,24,5,19,19,5,9,0,0,0,"(37, 43, 44, 45, 46)"
optimised,11,20,5,15,15,5,5,0,0,0,"(37, 43, 44, 45, 56)"
regular,15,24,5,19,19,5,9,0,0,0,"(37, 43, 44, 45, 56)"
optimised,15,21,5,16,16,5,6,0,0,0,"(37, 44, 45, 46, 47)"
regular,14,21,5,16,16,5,6,0,0,0,"(37, 44, 45, 46, 47)"
optimised,11,21,5,16,16,5,6,0,0,0,"(37, 45, 46, 47, 48)"
regular,20,27,5,22,22,5,12,0,0,0,"(37, 45, 46, 47, 48)"
optimised,11,21,5,16,16,5,6,0,0,0,"(37, 45, 46, 47, 57)"
regular,20,27,5,22,22,5,12,0,0,0,"(37, 45, 46, 47, 57)"
optimised,12,22,5,17,17,5,7,0,0,0,"(38, 46, 47, 48, 49)"
regular,18,27,5,22,22,5,12,0,0,0,"(38, 46, 47, 48, 49)"
optimised,12,20,5,15,15,5,5,0,0,0,"(38, 47, 48, 49, 50)"
regular,17,24,5,19,19,5,9,0,0,0,"(38, 47, 48, 49, 50)"
optimised,11,20,5,15,15,5,5,0,0,0,"(38, 47, 48, 49, 57)"
regular,15,24,5,19,19,5,9,0,0,0,"(38, 47, 48, 49, 57)"
optimised,15,21,5,16,16,5,6,0,0,0,"(38, 48, 49, 50, 51)"
regular,14,21,5,16,16,5,6,0,0,0,"(38, 48, 49, 50, 51)"
optimised,11,21,5,16,16,5,6,0,0,0,"(38, 49, 50, 51, 52)"
regular,20,27,5,22,22,5,12,0,0,0,"(38, 49, 50, 51, 52)"
optimised,11,21,5,16,16,5,6,0,0,0,"(38, 49, 50, 51, 58)"
regular,20,27,5,22,22,5,12,0,0,0,"(38, 49, 50, 51, 58)"
optimised,12,22,5,17,17,5,7,0,0,0,"(39, 50, 51, 52, 53)"
regular,18,27,5,22,22,5,12,0,0,0,"(39, 50, 51, 52, 53)"
optimised,12,20,5,15,15,5,5,0,0,0,"(39, 51, 52, 53, 54)"
regular,17,24,5,19,19,5,9,0,0,0,"(39, 51, 52, 53, 54)"
optimised,11,20,5,15,15,5,5,0,0,0,"(39, 51, 52, 53, 58)"
regular,15,24,5,19,19,5,9,0,0,0,"(39, 51, 52, 53, 58)"
optimised,15,21,5,16,16,5,6,0,0,0,"(39, 52, 53, 54, 55)"
regular,14,21,5,16,16,5,6,0,0,0,"(39, 52, 53, 54, 55)"
optimised,11,21,5,16,16,5,6,0,0,0,"(39, 53, 54, 55, 59)"
regular,20,27,5,22,22,5,12,0,0,0,"(39, 53, 54, 55, 59)"
optimised,11,21,5,16,16,5,6,0,0,0,"(40, 41, 42, 43, 44)"
regular,20,27,5,22,22,5,12,0,0,0,"(40, 41, 42, 43, 44)"
optimised,11,21,5,16,16,5,6,0,0,0,"(40, 41, 42, 43, 56)"
regular,20,27,5,22,22,5,12,0,0,0,"(40, 41, 42, 43, 56)"
optimised,11,21,5,16,16,5,6,0,0,0,"(41, 42, 43, 44, 45)"
regular,20,27,5,22,22,5,12,0,0,0,"(41, 42, 43, 44, 45)"
optimised,14,21,5,16,16,5,6,0,0,0,"(41, 42, 43, 44, 56)"
regular,18,24,5,19,19,5,9,0,0,0,"(41, 42, 43, 44, 56)"
optimised,11,21,5,16,16,5,6,0,0,0,"(41, 42, 43, 56, 63)"
regular,20,27,5,22,22,5,12,0,0,0,"(41, 42, 43, 56, 63)"
optimised,11,21,5,16,16,5,6,0,0,0,"(42, 43, 44, 45, 46)"
regular,20,27,5,22,22,5,12,0,0,0,"(42, 43, 44, 45, 46)"
optimised,13,20,5,15,15,5,5,0,0,0,"(42, 43, 44, 45, 56)"
regular,19,23,5,18,18,5,8,0,0,0,"(42, 43, 44, 45, 56)"
optimised,12,19,5,14,14,5,4,0,0,0,"(42, 43, 44, 56, 63)"
regular,15,22,5,17,17,5,7,0,0,0,"(42, 43, 44, 56, 63)"
optimised,13,22,5,17,17,5,7,0,0,0,"(42, 43, 56, 62, 63)"
regular,20,28,5,23,23,5,13,0,0,0,"(42, 43, 56, 62, 63)"
optimised,11,21,5,16,16,5,6,0,0,0,"(42, 43, 56, 63, 64)"
regular,20,27,5,22,22,5,12,0,0,0,"(42, 43, 56, 63, 64)"
optimised,11,21,5,16,16,5,6,0,0,0,"(43, 44, 45, 46, 47)"
regular,20,27,5,22,22,5,12,0,0,0,"(43, 44, 45, 46, 47)"
optimised,11,21,5,16,16,5,6,0,0,0,"(43, 44, 45, 46, 56)"
regular,24,29,5,24,24,5,14,0,0,0,"(43, 44, 45, 46, 56)"
optimised,11,20,5,15,15,5,5,0,0,0,"(43, 44, 45, 56, 63)"
regular,21,26,5,21,21,5,11,0,0,0,"(43, 44, 45, 56, 63)"
optimised,12,24,5,19,19,5,9,0,0,0,"(43, 44, 56, 62, 63)"
regular,20,29,5,24,24,5,14,0,0,0,"(43, 44, 56, 62, 63)"
optimised,12,22,5,17,17,5,7,0,0,0,"(43, 44, 56, 63, 64)"
regular,20,28,5,23,23,5,13,0,0,0,"(43, 44, 56, 63, 64)"
optimised,15,24,5,19,19,5,9,0,0,0,"(43, 56, 61, 62, 63)"
regular,22,30,5,25,25,5,15,0,0,0,"(43, 56, 61, 62, 63)"
optimised,14,21,5,16,16,5,6,0,0,0,"(43, 56, 62, 63, 64)"
regular,19,25,5,20,20,5,10,0,0,0,"(43, 56, 62, 63, 64)"
optimised,11,21,5,16,16,5,6,0,0,0,"(43, 56, 63, 64, 65)"
regular,20,27,5,22,22,5,12,0,0,0,"(43, 56, 63, 64, 65)"
optimised,11,21,5,16,16,5,6,0,0,0,"(44, 45, 46, 47, 48)"
regular,20,27,5,22,22,5,12,0,0,0,"(44, 45, 46, 47, 48)"
optimised,11,21,5,16,16,5,6,0,0,0,"(44, 45, 46, 47, 57)"
regular,20,27,5,22,22,5,12,0,0,0,"(44, 45, 46, 47, 57)"
optimised,11,21,5,16,16,5,6,0,0,0,"(45, 46, 47, 48, 49)"
regular,20,27,5,22,22,5,12,0,0,0,"(45, 46, 47, 48, 49)"
optimised,14,21,5,16,16,5,6,0,0,0,"(45, 46, 47, 48, 57)"
regular,18,24,5,19,19,5,9,0,0,0,"(45, 46, 47, 48, 57)"
optimised,11,21,5,16,16,5,6,0,0,0,"(45, 46, 47, 57, 67)"
regular,20,27,5,22,22,5,12,0,0,0,"(45, 46, 47, 57, 67)"
optimised,11,21,5,16,16,5,6,0,0,0,"(46, 47, 48, 49, 50)"
regular,20,27,5,22,22,5,12,0,0,0,"(46, 47, 48, 49, 50)"
optimised,13,20,5,15,15,5,5,0,0,0,"(46, 47, 48, 49, 57)"
regular,19,23,5,18,18,5,8,0,0,0,"(46, 47, 48, 49, 57)"
optimised,12,19,5,14,14,5,4,0,0,0,"(46, 47, 48, 57, 67)"
regular,15,22,5,17,17,5,7,0,0,0,"(46, 47, 48, 57, 67)"
optimised,13,22,5,17,17,5,7,0,0,0,"(46, 47, 57, 66, 67)"
regular,20,28,5,23,23,5,13,0,0,0,"(46, 47, 57, 66, 67)"
optimised,11,21,5,16,16,5,6,0,0,0,"(46, 47, 57, 67, 68)"
regular,20,27,5,22,22,5,12,0,0,0,"(46, 47, 57, 67, 68)"
optimised,11,21,5,16,16,5,6,0,0,0,"(47, 48, 49, 50, 51)"
regular,20,27,5,22,22,5,12,0,0,0,"(47, 48, 49, 50, 51)"
optimised,11,21,5,16,16,5,6,0,0,0,"(47, 48, 49, 50, 57)"
regular,24,29,5,24,24,5,14,0,0,0,"(47, 48, 49, 50, 57)"
optimised,11,20,5,15,15,5,5,0,0,0,"(47, 48, 49, 57, 67)"
regular,21,26,5,21,21,5,11,0,0,0,"(47, 48, 49, 57, 67)"
optimised,12,24,5,19,19,5,9,0,0,0,"(47, 48, 57, 66, 67)"
regular,20,29,5,24,24,5,14,0,0,0,"(47, 48, 57, 66, 67)"
optimised,12,22,5,17,17,5,7,0,0,0,"(47, 48, 57, 67, 68)"
regular,20,28,5,23,23,5,13,0,0,0,"(47, 48, 57, 67, 68)"
optimised,15,24,5,19,19,5,9,0,0,0,"(47, 57, 65, 66, 67)"
regular,22,30,5,25,25,5,15,0,0,0,"(47, 57, 65, 66, 67)"
optimised,14,21,5,16,16,5,6,0,0,0,"(47, 57, 66, 67, 68)"
regular,19,25,5,20,20,5,10,0,0,0,"(47, 57, 66, 67, 68)"
optimised,11,21,5,16,16,5,6,0,0,0,"(47, 57, 67, 68, 69)"
regular,20,27,5,22,22,5,12,0,0,0,"(47, 57, 67, 68, 69)"
optimised,11,21,5,16,16,5,6,0,0,0,"(48, 49, 50, 51, 52)"
regular,20,27,5,22,22,5,12,0,0,0,"(48, 49, 50, 51, 52)"
optimised,11,21,5,16,16,5,6,0,0,0,"(48, 49, 50, 51, 58)"
regular,20,27,5,22,22,5,12,0,0,0,"(48, 49, 50, 51, 58)"
optimised,11,21,5,16,16,5,6,0,0,0,"(49, 50, 51, 52, 53)"
regular,20,27,5,22,22,5,12,0,0,0,"(49, 50, 51, 52, 53)"
optimised,14,21,5,16,16,5,6,0,0,0,"(49, 50, 51, 52, 58)"
regular,18,24,5,19,19,5,9,0,0,0,"(49, 50, 51, 52, 58)"
optimised,11,21,5,16,16,5,6,0,0,0,"(49, 50, 51, 58, 71)"
regular,20,27,5,22,22,5,12,0,0,0,"(49, 50, 51, 58, 71)"
optimised,11,21,5,16,16,5,6,0,0,0,"(50, 51, 52, 53, 54)"
regular,20,27,5,22,22,5,12,0,0,0,"(50, 51, 52, 53, 54)"
optimised,13,20,5,15,15,5,5,0,0,0,"(50, 51, 52, 53, 58)"
regular,19,23,5,18,18,5,8,0,0,0,"(50, 51, 52, 53, 58)"
optimised,12,19,5,14,14,5,4,0,0,0,"(50, 51, 52, 58, 71)"
regular,15,22,5,17,17,5,7,0,0,0,"(50, 51, 52, 58, 71)"
optimised,13,22,5,17,17,5,7,0,0,0,"(50, 51, 58, 70, 71)"
regular,20,28,5,23,23,5,13,0,0,0,"(50, 51, 58, 70, 71)"
optimised,11,21,5,16,16,5,6,0,0,0,"(50, 51, 58, 71, 72)"
regular,20,27,5,22,22,5,12,0,0,0,"(50, 51, 58, 71, 72)"
optimised,11,21,5,16,16,5,6,0,0,0,"(51, 52, 53, 54, 55)"
regular,20,27,5,22,22,5,12,0,0,0,"(51, 52, 53, 54, 55)"
optimised,11,21,5,16,16,5,6,0,0,0,"(51, 52, 53, 54, 58)"
regular,24,29,5,24,24,5,14,0,0,0,"(51, 52, 53, 54, 58)"
optimised,11,20,5,15,15,5,5,0,0,0,"(51, 52, 53, 58, 71)"
regular,21,26,5,21,21,5,11,0,0,0,"(51, 52, 53, 58, 71)"
optimised,12,24,5,19,19,5,9,0,0,0,"(51, 52, 58, 70, 71)"
regular,20,29,5,24,24,5,14,0,0,0,"(51, 52, 58, 70, 71)"
optimised,12,22,5,17,17,5,7,0,0,0,"(51, 52, 58, 71, 72)"
regular,20,28,5,23,23,5,13,0,0,0,"(51, 52, 58, 71, 72)"
optimised,15,24,5,19,19,5,9,0,0,0,"(51, 58, 69, 70, 71)"
regular,22,30,5,25,25,5,15,0,0,0,"(51, 58, 69, 70, 71)"
optimised,14,21,5,16,16,5,6,0,0,0,"(51, 58, 70, 71, 72)"
regular,19,25,5,20,20,5,10,0,0,0,"(51, 58, 70, 71, 72)"
optimised,11,21,5,16,16,5,6,0,0,0,"(51, 58, 71, 72, 73)"
regular,20,27,5,22,22,5,12,0,0,0,"(51, 58, 71, 72, 73)"
optimised,11,21,5,16,16,5,6,0,0,0,"(52, 53, 54, 55, 59)"
regular,20,27,5,22,22,5,12,0,0,0,"(52, 53, 54, 55, 59)"
optimised,11,21,5,16,16,5,6,0,0,0,"(53, 54, 55, 59, 75)"
regular,20,27,5,22,22,5,12,0,0,0,"(53, 54, 55, 59, 75)"
optimised,13,22,5,17,17,5,7,0,0,0,"(54, 55, 59, 74, 75)"
regular,20,28,5,23,23,5,13,0,0,0,"(54, 55, 59, 74, 75)"
optimised,15,24,5,19,19,5,9,0,0,0,"(55, 59, 73, 74, 75)"
regular,22,30,5,25,25,5,15,0,0,0,"(55, 59, 73, 74, 75)"
optimised,12,22,5,17,17,5,7,0,0,0,"(56, 60, 61, 62, 63)"
regular,18,27,5,22,22,5,12,0,0,0,"(56, 60, 61, 62, 63)"
optimised,12,20,5,15,15,5,5,0,0,0,"(56, 61, 62, 63, 64)"
regular,17,24,5,19,19,5,9,0,0,0,"(56, 61, 62, 63, 64)"
optimised,11,20,5,15,15,5,5,0,0,0,"(56, 61, 62, 63, 76)"
regular,15,24,5,19,19,5,9,0,0,0,"(56, 61, 62, 63, 76)"
optimised,15,21,5,16,16,5,6,0,0,0,"(56, 62, 63, 64, 65)"
regular,14,21,5,16,16,5,6,0,0,0,"(56, 62, 63, 64, 65)"
optimised,11,21,5,16,16,5,6,0,0,0,"(56, 63, 64, 65, 66)"
regular,20,27,5,22,22,5,12,0,0,0,"(56, 63, 64, 65, 66)"
optimised,11,21,5,16,16,5,6,0,0,0,"(56, 63, 64, 65, 77)"
regular,20,27,5,22,22,5,12,0,0,0,"(56, 63, 64, 65, 77)"
optimised,12,22,5,17,17,5,7,0,0,0,"(57, 64, 65, 66, 67)"
regular,18,27,5,22,22,5,12,0,0,0,"(57, 64, 65, 66, 67)"
optimised,12,20,5,15,15,5,5,0,0,0,"(57, 65, 66, 67, 68)"
regular,17,24,5,19,19,5,9,0,0,0,"(57, 65, 66, 67, 68)"
optimised,11,20,5,15,15,5,5,0,0,0,"(57, 65, 66, 67, 77)"
regular,15,24,5,19,19,5,9,0,0,0,"(57, 65, 66, 67, 77)"
optimised,15,21,5,16,16,5,6,0,0,0,"(57, 66, 67, 68, 69)"
regular,14,21,5,16,16,5,6,0,0,0,"(57, 66, 67, 68, 69)"
optimised,11,21,5,16,16,5,6,0,0,0,"(57, 67, 68, 69, 70)"
regular,20,27,5,22,22,5,12,0,0,0,"(57, 67, 68, 69, 70)"
optimised,11,21,5,16,16,5,6,0,0,0,"(57, 67, 68, 69, 78)"
regular,20,27,5,22,22,5,12,0,0,0,"(57, 67, 68, 69, 78)"
optimised,12,22,5,17,17,5,7,0,0,0,"(58, 68, 69, 70, 71)"
regular,18,27,5,22,22,5,12,0,0,0,"(58, 68, 69, 70, 71)"
optimised,12,20,5,15,15,5,5,0,0,0,"(58, 69, 70, 71, 72)"
regular,17,24,5,19,19,5,9,0,0,0,"(58, 69, 70, 71, 72)"
optimised,11,20,5,15,15,5,5,0,0,0,"(58, 69, 70, 71, 78)"
regular,15,24,5,19,19,5,9,0,0,0,"(58, 69, 70, 71, 78)"
optimised,15,21,5,16,16,5,6,0,0,0,"(58, 70, 71, 72, 73)"
regular,14,21,5,16,16,5,6,0,0,0,"(58, 70, 71, 72, 73)"
optimised,11,21,5,16,16,5,6,0,0,0,"(58, 71, 72, 73, 74)"
regular,20,27,5,22,22,5,12,0,0,0,"(58, 71, 72, 73, 74)"
optimised,11,21,5,16,16,5,6,0,0,0,"(58, 71, 72, 73, 79)"
regular,20,27,5,22,22,5,12,0,0,0,"(58, 71, 72, 73, 79)"
optimised,12,22,5,17,17,5,7,0,0,0,"(59, 72, 73, 74, 75)"
regular,18,27,5,22,22,5,12,0,0,0,"(59, 72, 73, 74, 75)"
optimised,11,20,5,15,15,5,5,0,0,0,"(59, 73, 74, 75, 79)"
regular,15,24,5,19,19,5,9,0,0,0,"(59, 73, 74, 75, 79)"
optimised,11,21,5,16,16,5,6,0,0,0,"(60, 61, 62, 63, 64)"
regular,20,27,5,22,22,5,12,0,0,0,"(60, 61, 62, 63, 64)"
optimised,13,20,5,15,15,5,5,0,0,0,"(60, 61, 62, 63, 76)"
regular,19,23,5,18,18,5,8,0,0,0,"(60, 61, 62, 63, 76)"
optimised,12,19,5,14,14,5,4,0,0,0,"(60, 61, 62, 76, 81)"
regular,15,22,5,17,17,5,7,0,0,0,"(60, 61, 62, 76, 81)"
optimised,13,22,5,17,17,5,7,0,0,0,"(60, 61, 76, 80, 81)"
regular,20,28,5,23,23,5,13,0,0,0,"(60, 61, 76, 80, 81)"
optimised,11,21,5,16,16,5,6,0,0,0,"(60, 61, 76, 81, 82)"
regular,20,27,5,22,22,5,12,0,0,0,"(60, 61, 76, 81, 82)"
optimised,11,21,5,16,16,5,6,0,0,0,"(61, 62, 63, 64, 65)"
regular,20,27,5,22,22,5,12,0,0,0,"(61, 62, 63, 64, 65)"
optimised,11,21,5,16,16,5,6,0,0,0,"(61, 62, 63, 64, 76)"
regular,24,29,5,24,24,5,14,0,0,0,"(61, 62, 63, 64, 76)"
optimised,11,20,5,15,15,5,5,0,0,0,"(61, 62, 63, 76, 81)"
regular,21,26,5,21,21,5,11,0,0,0,"(61, 62, 63, 76, 81)"
optimised,12,24,5,19,19,5,9,0,0,0,"(61, 62, 76, 80, 81)"
regular,20,29,5,24,24,5,14,0,0,0,"(61, 62, 76, 80, 81)"
optimised,12,22,5,17,17,5,7,0,0,0,"(61, 62, 76, 81, 82)"
regular,20,28,5,23,23,5,13,0,0,0,"(61, 62, 76, 81, 82)"
optimised,14,21,5,16,16,5,6,0,0,0,"(61, 76, 80, 81, 82)"
regular,19,25,5,20,20,5,10,0,0,0,"(61, 76, 80, 81, 82)"
optimised,11,21,5,16,16,5,6,0,0,0,"(61, 76, 81, 82, 83)"
regular,20,27,5,22,22,5,12,0,0,0,"(61, 76, 81, 82, 83)"
optimised,11,21,5,16,16,5,6,0,0,0,"(62, 63, 64, 65, 66)"
regular,20,27,5,22,22,5,12,0,0,0,"(62, 63, 64, 65, 66)"
optimised,11,21,5,16,16,5,6,0,0,0,"(62, 63, 64, 65, 77)"
regular,20,27,5,22,22,5,12,0,0,0,"(62, 63, 64, 65, 77)"
optimised,11,21,5,16,16,5,6,0,0,0,"(63, 64, 65, 66, 67)"
regular,20,27,5,22,22,5,12,0,0,0,"(63, 64, 65, 66, 67)"
optimised,14,21,5,16,16,5,6,0,0,0,"(63, 64, 65, 66, 77)"
regular,18,24,5,19,19,5,9,0,0,0,"(63, 64, 65, 66, 77)"
optimised,11,21,5,16,16,5,6,0,0,0,"(63, 64, 65, 77, 85)"
regular,20,27,5,22,22,5,12,0,0,0,"(63, 64, 65, 77, 85)"
optimised,11,21,5,16,16,5,6,0,0,0,"(64, 65, 66, 67, 68)"
regular,20,27,5,22,22,5,12,0,0,0,"(64, 65, 66, 67, 68)"
optimised,13,20,5,15,15,5,5,0,0,0,"(64, 65, 66, 67, 77)"
regular,19,23,5,18,18,5,8,0,0,0,"(64, 65, 66, 67, 77)"
optimised,12,19,5,14,14,5,4,0,0,0,"(64, 65, 66, 77, 85)"
regular,15,22,5,17,17,5,7,0,0,0,"(64, 65, 66, 77, 85)"
optimised,13,22,5,17,17,5,7,0,0,0,"(64, 65, 77, 84, 85)"
regular,20,28,5,23,23,5,13,0,0,0,"(64, 65, 77, 84, 85)"
optimised,11,21,5,16,16,5,6,0,0,0,"(64, 65, 77, 85, 86)"
regular,20,27,5,22,22,5,12,0,0,0,"(64, 65, 77, 85, 86)"
optimised,11,21,5,16,16,5,6,0,0,0,"(65, 66, 67, 68, 69)"
regular,20,27,5,22,22,5,12,0,0,0,"(65, 66, 67, 68, 69)"
optimised,11,21,5,16,16,5,6,0,0,0,"(65, 66, 67, 68, 77)"
regular,24,29,5,24,24,5,14,0,0,0,"(65, 66, 67, 68, 77)"
optimised,11,20,5,15,15,5,5,0,0,0,"(65, 66, 67, 77, 85)"
regular,21,26,5,21,21,5,11,0,0,0,"(65, 66, 67, 77, 85)"
optimised,12,24,5,19,19,5,9,0,0,0,"(65, 66, 77, 84, 85)"
regular,20,29,5,24,24,5,14,0,0,0,"(65, 66, 77, 84, 85)"
optimised,12,22,5,17,17,5,7,0,0,0,"(65, 66, 77, 85, 86)"
regular,20,28,5,23,23,5,13,0,0,0,"(65, 66, 77, 85, 86)"
optimised,15,24,5,19,19,5,9,0,0,0,"(65, 77, 83, 84, 85)"
regular,22,30,5,25,25,5,15,0,0,0,"(65, 77, 83, 84, 85)"
optimised,14,21,5,16,16,5,6,0,0,0,"(65, 77, 84, 85, 86)"
regular,19,25,5,20,20,5,10,0,0,0,"(65, 77, 84, 85, 86)"
optimised,11,21,5,16,16,5,6,0,0,0,"(65, 77, 85, 86, 87)"
regular,20,27,5,22,22,5,12,0,0,0,"(65, 77, 85, 86, 87)"
optimised,11,21,5,16,16,5,6,0,0,0,"(66, 67, 68, 69, 70)"
regular,20,27,5,22,22,5,12,0,0,0,"(66, 67, 68, 69, 70)"
optimised,11,21,5,16,16,5,6,0,0,0,"(66, 67, 68, 69, 78)"
regular,20,27,5,22,22,5,12,0,0,0,"(66, 67, 68, 69, 78)"
optimised,11,21,5,16,16,5,6,0,0,0,"(67, 68, 69, 70, 71)"
regular,20,27,5,22,22,5,12,0,0,0,"(67, 68, 69, 70, 71)"
optimised,14,21,5,16,16,5,6,0,0,0,"(67, 68, 69, 70, 78)"
regular,18,24,5,19,19,5,9,0,0,0,"(67, 68, 69, 70, 78)"
optimised,11,21,5,16,16,5,6,0,0,0,"(67, 68, 69, 78, 89)"
regular,20,27,5,22,22,5,12,0,0,0,"(67, 68, 69, 78, 89)"
optimised,11,21,5,16,16,5,6,0,0,0,"(68, 69, 70, 71, 72)"
regular,20,27,5,22,22,5,12,0,0,0,"(68, 69, 70, 71, 72)"
optimised,13,20,5,15,15,5,5,0,0,0,"(68, 69, 70, 71, 78)"
regular,19,23,5,18,18,5,8,0,0,0,"(68, 69, 70, 71, 78)"
optimised,12,19,5,14,14,5,4,0,0,0,"(68, 69, 70, 78, 89)"
regular,15,22,5,17,17,5,7,0,0,0,"(68, 69, 70, 78, 89)"
optimised,13,22,5,17,17,5,7,0,0,0,"(68, 69, 78, 88, 89)"
regular,20,28,5,23,23,5,13,0,0,0,"(68, 69, 78, 88, 89)"
optimised,11,21,5,16,16,5,6,0,0,0,"(68, 69, 78, 89, 90)"
regular,20,27,5,22,22,5,12,0,0,0,"(68, 69, 78, 89, 90)"
optimised,11,21,5,16,16,5,6,0,0,0,"(69, 70, 71, 72, 73)"
regular,20,27,5,22,22,5,12,0,0,0,"(69, 70, 71, 72, 73)"
optimised,11,21,5,16,16,5,6,0,0,0,"(69, 70, 71, 72, 78)"
regular,24,29,5,24,24,5,14,0,0,0,"(69, 70, 71, 72, 78)"
optimised,11,20,5,15,15,5,5,0,0,0,"(69, 70, 71, 78, 89)"
regular,21,26,5,21,21,5,11,0,0,0,"(69, 70, 71, 78, 89)"
optimised,12,24,5,19,19,5,9,0,0,0,"(69, 70, 78, 88, 89)"
regular,20,29,5,24,24,5,14,0,0,0,"(69, 70, 78, 88, 89)"
optimised,12,22,5,17,17,5,7,0,0,0,"(69, 70, 78, 89, 90)"
regular,20,28,5,23,23,5,13,0,0,0,"(69, 70, 78, 89, 90)"
optimised,15,24,5,19,19,5,9,0,0,0,"(69, 78, 87, 88, 89)"
regular,22,30,5,25,25,5,15,0,0,0,"(69, 78, 87, 88, 89)"
optimised,14,21,5,16,16,5,6,0,0,0,"(69, 78, 88, 89, 90)"
regular,19,25,5,20,20,5,10,0,0,0,"(69, 78, 88, 89, 90)"
optimised,11,21,5,16,16,5,6,0,0,0,"(69, 78, 89, 90, 91)"
regular,20,27,5,22,22,5,12,0,0,0,"(69, 78, 89, 90, 91)"
optimised,11,21,5,16,16,5,6,0,0,0,"(70, 71, 72, 73, 74)"
regular,20,27,5,22,22,5,12,0,0,0,"(70, 71, 72, 73, 74)"
optimised,11,21,5,16,16,5,6,0,0,0,"(70, 71, 72, 73, 79)"
regular,20,27,5,22,22,5,12,0,0,0,"(70, 71, 72, 73, 79)"
optimised,11,21,5,16,16,5,6,0,0,0,"(71, 72, 73, 74, 75)"
regular,20,27,5,22,22,5,12,0,0,0,"(71, 72, 73, 74, 75)"
optimised,14,21,5,16,16,5,6,0,0,0,"(71, 72, 73, 74, 79)"
regular,18,24,5,19,19,5,9,0,0,0,"(71, 72, 73, 74, 79)"
optimised,11,21,5,16,16,5,6,0,0,0,"(71, 72, 73, 79, 93)"
regular,20,27,5,22,22,5,12,0,0,0,"(71, 72, 73, 79, 93)"
optimised,13,20,5,15,15,5,5,0,0,0,"(72, 73, 74, 75, 79)"
regular,19,23,5,18,18,5,8,0,0,0,"(72, 73, 74, 75, 79)"
optimised,12,19,5,14,14,5,4,0,0,0,"(72, 73, 74, 79, 93)"
regular,15,22,5,17,17,5,7,0,0,0,"(72, 73, 74, 79, 93)"
optimised,13,22,5,17,17,5,7,0,0,0,"(72, 73, 79, 92, 93)"
regular,20,28,5,23,23,5,13,0,0,0,"(72, 73, 79, 92, 93)"
optimised,11,21,5,16,16,5,6,0,0,0,"(72, 73, 79, 93, 94)"
regular,20,27,5,22,22,5,12,0,0,0,"(72, 73, 79, 93, 94)"
optimised,11,20,5,15,15,5,5,0,0,0,"(73, 74, 75, 79, 93)"
regular,21,26,5,21,21,5,11,0,0,0,"(73, 74, 75, 79, 93)"
optimised,12,24,5,19,19,5,9,0,0,0,"(73, 74, 79, 92, 93)"
regular,20,29,5,24,24,5,14,0,0,0,"(73, 74, 79, 92, 93)"
optimised,12,22,5,17,17,5,7,0,0,0,"(73, 74, 79, 93, 94)"
regular,20,28,5,23,23,5,13,0,0,0,"(73, 74, 79, 93, 94)"
optimised,15,24,5,19,19,5,9,0,0,0,"(73, 79, 91, 92, 93)"
regular,22,30,5,25,25,5,15,0,0,0,"(73, 79, 91, 92, 93)"
optimised,14,21,5,16,16,5,6,0,0,0,"(73, 79, 92, 93, 94)"
regular,19,25,5,20,20,5,10,0,0,0,"(73, 79, 92, 93, 94)"
optimised,11,21,5,16,16,5,6,0,0,0,"(73, 79, 93, 94, 95)"
regular,20,27,5,22,22,5,12,0,0,0,"(73, 79, 93, 94, 95)"
optimised,15,21,5,16,16,5,6,0,0,0,"(76, 80, 81, 82, 83)"
regular,14,21,5,16,16,5,6,0,0,0,"(76, 80, 81, 82, 83)"
optimised,11,21,5,16,16,5,6,0,0,0,"(76, 81, 82, 83, 84)"
regular,20,27,5,22,22,5,12,0,0,0,"(76, 81, 82, 83, 84)"
optimised,11,21,5,16,16,5,6,0,0,0,"(76, 81, 82, 83, 96)"
regular,20,27,5,22,22,5,12,0,0,0,"(76, 81, 82, 83, 96)"
optimised,12,22,5,17,17,5,7,0,0,0,"(77, 82, 83, 84, 85)"
regular,18,27,5,22,22,5,12,0,0,0,"(77, 82, 83, 84, 85)"
optimised,12,20,5,15,15,5,5,0,0,0,"(77, 83, 84, 85, 86)"
regular,17,24,5,19,19,5,9,0,0,0,"(77, 83, 84, 85, 86)"
optimised,11,20,5,15,15,5,5,0,0,0,"(77, 83, 84, 85, 96)"
regular,15,24,5,19,19,5,9,0,0,0,"(77, 83, 84, 85, 96)"
optimised,15,21,5,16,16,5,6,0,0,0,"(77, 84, 85, 86, 87)"
regular,14,21,5,16,16,5,6,0,0,0,"(77, 84, 85, 86, 87)"
optimised,11,21,5,16,16,5,6,0,0,0,"(77, 85, 86, 87, 88)"
regular,20,27,5,22,22,5,12,0,0,0,"(77, 85, 86, 87, 88)"
optimised,11,21,5,16,16,5,6,0,0,0,"(77, 85, 86, 87, 97)"
regular,20,27,5,22,22,5,12,0,0,0,"(77, 85, 86, 87, 97)"
optimised,12,22,5,17,17,5,7,0,0,0,"(78, 86, 87, 88, 89)"
regular,18,27,5,22,22,5,12,0,0,0,"(78, 86, 87, 88, 89)"
optimised,12,20,5,15,15,5,5,0,0,0,"(78, 87, 88, 89, 90)"
regular,17,24,5,19,19,5,9,0,0,0,"(78, 87, 88, 89, 90)"
optimised,11,20,5,15,15,5,5,0,0,0,"(78, 87, 88, 89, 97)"
regular,15,24,5,19,19,5,9,0,0,0,"(78, 87, 88, 89, 97)"
optimised,15,21,5,16,16,5,6,0,0,0,"(78, 88, 89, 90, 91)"
regular,14,21,5,16,16,5,6,0,0,0,"(78, 88, 89, 90, 91)"
optimised,11,21,5,16,16,5,6,0,0,0,"(78, 89, 90, 91, 92)"
regular,20,27,5,22,22,5,12,0,0,0,"(78, 89, 90, 91, 92)"
optimised,11,21,5,16,16,5,6,0,0,0,"(78, 89, 90, 91, 98)"
regular,20,27,5,22,22,5,12,0,0,0,"(78, 89, 90, 91, 98)"
optimised,12,22,5,17,17,5,7,0,0,0,"(79, 90, 91, 92, 93)"
regular,18,27,5,22,22,5,12,0,0,0,"(79, 90, 91, 92, 93)"
optimised,12,20,5,15,15,5,5,0,0,0,"(79, 91, 92, 93, 94)"
regular,17,24,5,19,19,5,9,0,0,0,"(79, 91, 92, 93, 94)"
optimised,11,20,5,15,15,5,5,0,0,0,"(79, 91, 92, 93, 98)"
regular,15,24,5,19,19,5,9,0,0,0,"(79, 91, 92, 93, 98)"
optimised,15,21,5,16,16,5,6,0,0,0,"(79, 92, 93, 94, 95)"
regular,14,21,5,16,16,5,6,0,0,0,"(79, 92, 93, 94, 95)"
optimised,11,21,5,16,16,5,6,0,0,0,"(79, 93, 94, 95, 99)"
regular,20,27,5,22,22,5,12,0,0,0,"(79, 93, 94, 95, 99)"
optimised,11,21,5,16,16,5,6,0,0,0,"(80, 81, 82, 83, 84)"
regular,20,27,5,22,22,5,12,0,0,0,"(80, 81, 82, 83, 84)"
optimised,11,21,5,16,16,5,6,0,0,0,"(80, 81, 82, 83, 96)"
regular,20,27,5,22,22,5,12,0,0,0,"(80, 81, 82, 83, 96)"
optimised,11,21,5,16,16,5,6,0,0,0,"(81, 82, 83, 84, 85)"
regular,20,27,5,22,22,5,12,0,0,0,"(81, 82, 83, 84, 85)"
optimised,14,21,5,16,16,5,6,0,0,0,"(81, 82, 83, 84, 96)"
regular,18,24,5,19,19,5,9,0,0,0,"(81, 82, 83, 84, 96)"
optimised,11,21,5,16,16,5,6,0,0,0,"(81, 82, 83, 96, 103)"
regular,20,27,5,22,22,5,12,0,0,0,"(81, 82, 83, 96, 103)"
optimised,11,21,5,16,16,5,6,0,0,0,"(82, 83, 84, 85, 86)"
regular,20,27,5,22,22,5,12,0,0,0,"(82, 83, 84, 85, 86)"
optimised,13,20,5,15,15,5,5,0,0,0,"(82, 83, 84, 85, 96)"
regular,19,23,5,18,18,5,8,0,0,0,"(82, 83, 84, 85, 96)"
optimised,12,19,5,14,14,5,4,0,0,0,"(82, 83, 84, 96, 103)"
regular,15,22,5,17,17,5,7,0,0,0,"(82, 83, 84, 96, 103)"
optimised,13,22,5,17,17,5,7,0,0,0,"(82, 83, 96, 102, 103)"
regular,20,28,5,23,23,5,13,0,0,0,"(82, 83, 96, 102, 103)"
optimised,11,21,5,16,16,5,6,0,0,0,"(82, 83, 96, 103, 104)"
regular,20,27,5,22,22,5,12,0,0,0,"(82, 83, 96, 103, 104)"
optimised,11,21,5,16,16,5,6,0,0,0,"(83, 84, 85, 86, 87)"
regular,20,27,5,22,22,5,12,0,0,0,"(83, 84, 85, 86, 87)"
optimised,11,21,5,16,16,5,6,0,0,0,"(83, 84, 85, 86, 96)"
regular,24,29,5,24,24,5,14,0,0,0,"(83, 84, 85, 86, 96)"
optimised,11,20,5,15,15,5,5,0,0,0,"(83, 84, 85, 96, 103)"
regular,21,26,5,21,21,5,11,0,0,0,"(83, 84, 85, 96, 103)"
optimised,12,24,5,19,19,5,9,0,0,0,"(83, 84, 96, 102, 103)"
regular,20,29,5,24,24,5,14,0,0,0,"(83, 84, 96, 102, 103)"
optimised,12,22,5,17,17,5,7,0,0,0,"(83, 84, 96, 103, 104)"
regular,20,28,5,23,23,5,13,0,0,0,"(83, 84, 96, 103, 104)"
optimised,15,24,5,19,19,5,9,0,0,0,"(83, 96, 101, 102, 103)"
regular,22,30,5,25,25,5,15,0,0,0,"(83, 96, 101, 102, 103)"
optimised,14,21,5,16,16,5,6,0,0,0,"(83, 96, 102, 103, 104)"
regular,19,25,5,20,20,5,10,0,0,0,"(83, 96, 102, 103, 104)"
optimised,11,21,5,16,16,5,6,0,0,0,"(83, 96, 103, 104, 105)"
regular,20,27,5,22,22,5,12,0,0,0,"(83, 96, 103, 104, 105)"
optimised,11,21,5,16,16,5,6,0,0,0,"(84, 85, 86, 87, 88)"
regular,20,27,5,22,22,5,12,0,0,0,"(84, 85, 86, 87, 88)"
optimised,11,21,5,16,16,5,6,0,0,0,"(84, 85, 86, 87, 97)"
regular,20,27,5,22,22,5,12,0,0,0,"(84, 85, 86, 87, 97)"
optimised,11,21,5,16,16,5,6,0,0,0,"(85, 86, 87, 88, 89)"
regular,20,27,5,22,22,5,12,0,0,0,"(85, 86, 87, 88, 89)"
optimised,14,21,5,16,16,5,6,0,0,0,"(85, 86, 87, 88, 97)"
regular,18,24,5,19,19,5,9,0,0,0,"(85, 86, 87, 88, 97)"
optimised,11,21,5,16,16,5,6,0,0,0,"(85, 86, 87, 97, 107)"
regular,20,27,5,22,22,5,12,0,0,0,"(85, 86, 87, 97, 107)"
optimised,11,21,5,16,16,5,6,0,0,0,"(86, 87, 88, 89, 90)"
regular,20,27,5,22,22,5,12,0,0,0,"(86, 87, 88, 89, 90)"
optimised,13,20,5,15,15,5,5,0,0,0,"(86, 87, 88, 89, 97)"
regular,19,23,5,18,18,5,8,0,0,0,"(86, 87, 88, 89, 97)"
optimised,12,19,5,14,14,5,4,0,0,0,"(86, 87, 88, 97, 107)"
regular,15,22,5,17,17,5,7,0,0,0,"(86, 87, 88, 97, 107)"
optimised,13,22,5,17,17,5,7,0,0,0,"(86, 87, 97, 106, 107)"
regular,20,28,5,23,23,5,13,0,0,0,"(86, 87, 97, 106, 107)"
optimised,11,21,5,16,16,5,6,0,0,0,"(86, 87, 97, 107, 108)"
regular,20,27,5,22,22,5,12,0,0,0,"(86, 87, 97, 107, 108)"
optimised,11,21,5,16,16,5,6,0,0,0,"(87, 88, 89, 90, 91)"
regular,20,27,5,22,22,5,12,0,0,0,"(87, 88, 89, 90, 91)"
optimised,11,21,5,16,16,5,6,0,0,0,"(87, 88, 89, 90, 97)"
regular,24,29,5,24,24,5,14,0,0,0,"(87, 88, 89, 90, 97)"
optimised,11,20,5,15,15,5,5,0,0,0,"(87, 88, 89, 97, 107)"
regular,21,26,5,21,21,5,11,0,0,0,"(87, 88, 89, 97, 107)"
optimised,12,24,5,19,19,5,9,0,0,0,"(87, 88, 97, 106, 107)"
regular,20,29,5,24,24,5,14,0,0,0,"(87, 88, 97, 106, 107)"
optimised,12,22,5,17,17,5,7,0,0,0,"(87, 88, 97, 107, 108)"
regular,20,28,5,23,23,5,13,0,0,0,"(87, 88, 97, 107, 108)"
optimised,15,24,5,19,19,5,9,0,0,0,"(87, 97, 105, 106, 107)"
regular,22,30,5,25,25,5,15,0,0,0,"(87, 97, 105, 106, 107)"
optimised,14,21,5,16,16,5,6,0,0,0,"(87, 97, 106, 107, 108)"
regular,19,25,5,20,20,5,10,0,0,0,"(87, 97, 106, 107, 108)"
optimised,11,21,5,16,16,5,6,0,0,0,"(87, 97, 107, 108, 109)"
regular,20,27,5,22,22,5,12,0,0,0,"(87, 97, 107, 108, 109)"
optimised,11,21,5,16,16,5,6,0,0,0,"(88, 89, 90, 91, 92)"
regular,20,27,5,22,22,5,12,0,0,0,"(88, 89, 90, 91, 92)"
optimised,11,21,5,16,16,5,6,0,0,0,"(88, 89, 90, 91, 98)"
regular,20,27,5,22,22,5,12,0,0,0,"(88, 89, 90, 91, 98)"
optimised,11,21,5,16,16,5,6,0,0,0,"(89, 90, 91, 92, 93)"
regular,20,27,5,22,22,5,12,0,0,0,"(89, 90, 91, 92, 93)"
optimised,14,21,5,16,16,5,6,0,0,0,"(89, 90, 91, 92, 98)"
regular,18,24,5,19,19,5,9,0,0,0,"(89, 90, 91, 92, 98)"
optimised,11,21,5,16,16,5,6,0,0,0,"(89, 90, 91, 98, 111)"
regular,20,27,5,22,22,5,12,0,0,0,"(89, 90, 91, 98, 111)"
optimised,11,21,5,16,16,5,6,0,0,0,"(90, 91, 92, 93, 94)"
regular,20,27,5,22,22,5,12,0,0,0,"(90, 91, 92, 93, 94)"
optimised,13,20,5,15,15,5,5,0,0,0,"(90, 91, 92, 93, 98)"
regular,19,23,5,18,18,5,8,0,0,0,"(90, 91, 92, 93, 98)"
optimised,12,19,5,14,14,5,4,0,0,0,"(90, 91, 92, 98, 111)"
regular,15,22,5,17,17,5,7,0,0,0,"(90, 91, 92, 98, 111)"
optimised,13,22,5,17,17,5,7,0,0,0,"(90, 91, 98, 110, 111)"
regular,20,28,5,23,23,5,13,0,0,0,"(90, 91, 98, 110, 111)"
optimised,11,21,5,16,16,5,6,0,0,0,"(90, 91, 98, 111, 112)"
regular,20,27,5,22,22,5,12,0,0,0,"(90, 91, 98, 111, 112)"
optimised,11,21,5,16,16,5,6,0,0,0,"(91, 92, 93, 94, 95)"
regular,20,27,5,22,22,5,12,0,0,0,"(91, 92, 93, 94, 95)"
optimised,11,21,5,16,16,5,6,0,0,0,"(91, 92, 93, 94, 98)"
regular,24,29,5,24,24,5,14,0,0,0,"(91, 92, 93, 94, 98)"
optimised,11,20,5,15,15,5,5,0,0,0,"(91, 92, 93, 98, 111)"
regular,21,26,5,21,21,5,11,0,0,0,"(91, 92, 93, 98, 111)"
optimised,12,24,5,19,19,5,9,0,0,0,"(91, 92, 98, 110, 111)"
regular,20,29,5,24,24,5,14,0,0,0,"(91, 92, 98, 110, 111)"
optimised,12,22,5,17,17,5,7,0,0,0,"(91, 92, 98, 111, 112)"
regular,20,28,5,23,23,5,13,0,0,0,"(91, 92, 98, 111, 112)"
optimised,15,24,5,19,19,5,9,0,0,0,"(91, 98, 109, 110, 111)"
regular,22,30,5,25,25,5,15,0,0,0,"(91, 98, 109, 110, 111)"
optimised,14,21,5,16,16,5,6,0,0,0,"(91, 98, 110, 111, 112)"
regular,19,25,5,20,20,5,10,0,0,0,"(91, 98, 110, 111, 112)"
optimised,11,21,5,16,16,5,6,0,0,0,"(91, 98, 111, 112, 113)"
regular,20,27,5,22,22,5,12,0,0,0,"(91, 98, 111, 112, 113)"
optimised,11,21,5,16,16,5,6,0,0,0,"(92, 93, 94, 95, 99)"
regular,20,27,5,22,22,5,12,0,0,0,"(92, 93, 94, 95, 99)"
optimised,11,21,5,16,16,5,6,0,0,0,"(93, 94, 95, 99, 115)"
regular,20,27,5,22,22,5,12,0,0,0,"(93, 94, 95, 99, 115)"
optimised,13,22,5,17,17,5,7,0,0,0,"(94, 95, 99, 114, 115)"
regular,20,28,5,23,23,5,13,0,0,0,"(94, 95, 99, 114, 115)"
optimised,15,24,5,19,19,5,9,0,0,0,"(95, 99, 113, 114, 115)"
regular,22,30,5,25,25,5,15,0,0,0,"(95, 99, 113, 114, 115)"
optimised,12,22,5,17,17,5,7,0,0,0,"(96, 100, 101, 102, 103)"
regular,18,27,5,22,22,5,12,0,0,0,"(96, 100, 101, 102, 103)"
optimised,12,20,5,15,15,5,5,0,0,0,"(96, 101, 102, 103, 104)"
regular,17,24,5,19,19,5,9,0,0,0,"(96, 101, 102, 103, 104)"
optimised,11,20,5,15,15,5,5,0,0,0,"(96, 101, 102, 103, 116)"
regular,15,24,5,19,19,5,9,0,0,0,"(96, 101, 102, 103, 116)"
optimised,15,21,5,16,16,5,6,0,0,0,"(96, 102, 103, 104, 105)"
regular,14,21,5,16,16,5,6,0,0,0,"(96, 102, 103, 104, 105)"
optimised,11,21,5,16,16,5,6,0,0,0,"(96, 103, 104, 105, 106)"
regular,20,27,5,22,22,5,12,0,0,0,"(96, 103, 104, 105, 106)"
optimised,11,21,5,16,16,5,6,0,0,0,"(96, 103, 104, 105, 117)"
regular,20,27,5,22,22,5,12,0,0,0,"(96, 103, 104, 105, 117)"
optimised,12,22,5,17,17,5,7,0,0,0,"(97, 104, 105, 106, 107)"
regular,18,27,5,22,22,5,12,0,0,0,"(97, 104, 105, 106, 107)"
optimised,12,20,5,15,15,5,5,0,0,0,"(97, 105, 106, 107, 108)"
regular,17,24,5,19,19,5,9,0,0,0,"(97, 105, 106, 107, 108)"
optimised,11,20,5,15,15,5,5,0,0,0,"(97, 105, 106, 107, 117)"
regular,15,24,5,19,19,5,9,0,0,0,"(97, 105, 106, 107, 117)"
optimised,15,21,5,16,16,5,6,0,0,0,"(97, 106, 107, 108, 109)"
regular,14,21,5,16,16,5,6,0,0,0,"(97, 106, 107, 108, 109)"
optimised,11,21,5,16,16,5,6,0,0,0,"(97, 107, 108, 109, 110)"
regular,20,27,5,22,22,5,12,0,0,0,"(97, 107, 108, 109, 110)"
optimised,11,21,5,16,16,5,6,0,0,0,"(97, 107, 108, 109, 118)"
regular,20,27,5,22,22,5,12,0,0,0,"(97, 107, 108, 109, 118)"
optimised,12,22,5,17,17,5,7,0,0,0,"(98, 108, 109, 110, 111)"
regular,18,27,5,22,22,5,12,0,0,0,"(98, 108, 109, 110, 111)"
optimised,12,20,5,15,15,5,5,0,0,0,"(98, 109, 110, 111, 112)"
regular,17,24,5,19,19,5,9,0,0,0,"(98, 109, 110, 111, 112)"
optimised,11,20,5,15,15,5,5,0,0,0,"(98, 109, 110, 111, 118)"
regular,15,24,5,19,19,5,9,0,0,0,"(98, 109, 110, 111, 118)"
optimised,15,21,5,16,16,5,6,0,0,0,"(98, 110, 111, 112, 113)"
regular,14,21,5,16,16,5,6,0,0,0,"(98, 110, 111, 112, 113)"
optimised,11,21,5,16,16,5,6,0,0,0,"(98, 111, 112, 113, 114)"
regular,20,27,5,22,22,5,12,0,0,0,"(98, 111, 112, 113, 114)"
optimised,11,21,5,16,16,5,6,0,0,0,"(98, 111, 112, 113, 119)"
regular,20,27,5,22,22,5,12,0,0,0,"(98, 111, 112, 113, 119)"
optimised,12,22,5,17,17,5,7,0,0,0,"(99, 112, 113, 114, 115)"
regular,18,27,5,22,22,5,12,0,0,0,"(99, 112, 113, 114, 115)"
optimised,11,20,5,15,15,5,5,0,0,0,"(99, 113, 114, 115, 119)"
regular,15,24,5,19,19,5,9,0,0,0,"(99, 113, 114, 115, 119)"
optimised,11,21,5,16,16,5,6,0,0,0,"(100, 101, 102, 103, 104)"
regular,20,27,5,22,22,5,12,0,0,0,"(100, 101, 102, 103, 104)"
optimised,13,20,5,15,15,5,5,0,0,0,"(100, 101, 102, 103, 116)"
regular,19,23,5,18,18,5,8,0,0,0,"(100, 101, 102, 103, 116)"
optimised,12,19,5,14,14,5,4,0,0,0,"(100, 101, 102, 116, 121)"
regular,15,22,5,17,17,5,7,0,0,0,"(100, 101, 102, 116, 121)"
optimised,13,22,5,17,17,5,7,0,0,0,"(100, 101, 116, 120, 121)"
regular,20,28,5,23,23,5,13,0,0,0,"(100, 101, 116, 120, 121)"
optimised,11,21,5,16,16,5,6,0,0,0,"(100, 101, 116, 121, 122)"
regular,20,27,5,22,22,5,12,0,0,0,"(100, 101, 116, 121, 122)"
optimised,11,21,5,16,16,5,6,0,0,0,"(101, 102, 103, 104, 105)"
regular,20,27,5,22,22,5,12,0,0,0,"(101, 102, 103, 104, 105)"
optimised,11,21,5,16,16,5,6,0,0,0,"(101, 102, 103, 104, 116)"
regular,24,29,5,24,24,5,14,0,0,0,"(101, 102, 103, 104, 116)"
optimised,11,20,5,15,15,5,5,0,0,0,"(101, 102, 103, 116, 121)"
regular,21,26,5,21,21,5,11,0,0,0,"(101, 102, 103, 116, 121)"
optimised,12,24,5,19,19,5,9,0,0,0,"(101, 102, 116, 120, 121)"
regular,20,29,5,24,24,5,14,0,0,0,"(101, 102, 116, 120, 121)"
optimised,12,22,5,17,17,5,7,0,0,0,"(101, 102, 116, 121, 122)"
regular,20,28,5,23,23,5,13,0,0,0,"(101, 102, 116, 121, 122)"
optimised,14,21,5,16,16,5,6,0,0,0,"(101, 116, 120, 121, 122)"
regular,19,25,5,20,20,5,10,0,0,0,"(101, 116, 120, 121, 122)"
optimised,11,21,5,16,16,5,6,0,0,0,"(101, 116, 121, 122, 123)"
regular,20,27,5,22,22,5,12,0,0,0,"(101, 116, 121, 122, 123)"
optimised,11,21,5,16,16,5,6,0,0,0,"(102, 103, 104, 105, 106)"
regular,20,27,5,22,22,5,12,0,0,0,"(102, 103, 104, 105, 106)"
optimised,11,21,5,16,16,5,6,0,0,0,"(102, 103, 104, 105, 117)"
regular,20,27,5,22,22,5,12,0,0,0,"(102, 103, 104, 105, 117)"
optimised,11,21,5,16,16,5,6,0,0,0,"(103, 104, 105, 106, 107)"
regular,20,27,5,22,22,5,12,0,0,0,"(103, 104, 105, 106, 107)"
optimised,14,21,5,16,16,5,6,0,0,0,"(103, 104, 105, 106, 117)"
regular,18,24,5,19,19,5,9,0,0,0,"(103, 104, 105, 106, 117)"
optimised,11,21,5,16,16,5,6,0,0,0,"(103, 104, 105, 117, 125)"
regular,20,27,5,22,22,5,12,0,0,0,"(103, 104, 105, 117, 125)"
optimised,11,21,5,16,16,5,6,0,0,0,"(104, 105, 106, 107, 108)"
regular,20,27,5,22,22,5,12,0,0,0,"(104, 105, 106, 107, 108)"
optimised,13,20,5,15,15,5,5,0,0,0,"(104, 105, 106, 107, 117)"
regular,19,23,5,18,18,5,8,0,0,0,"(104, 105, 106, 107, 117)"
optimised,12,19,5,14,14,5,4,0,0,0,"(104, 105, 106, 117, 125)"
regular,15,22,5,17,17,5,7,0,0,0,"(104, 105, 106, 117, 125)"
optimised,13,22,5,17,17,5,7,0,0,0,"(104, 105, 117, 124, 125)"
regular,20,28,5,23,23,5,13,0,0,0,"(104, 105, 117, 124, 125)"
optimised,11,21,5,16,16,5,6,0,0,0,"(104, 105, 117, 125, 126)"
regular,20,27,5,22,22,5,12,0,0,0,"(104, 105, 117, 125, 126)"
optimised,11,21,5,16,16,5,6,0,0,0,"(105, 106, 107, 108, 109)"
regular,20,27,5,22,22,5,12,0,0,0,"(105, 106, 107, 108, 109)"
optimised,11,21,5,16,16,5,6,0,0,0,"(105, 106, 107, 108, 117)"
regular,24,29,5,24,24,5,14,0,0,0,"(105, 106, 107, 108, 117)"
optimised,11,20,5,15,15,5,5,0,0,0,"(105, 106, 107, 117, 125)"
regular,21,26,5,21,21,5,11,0,0,0,"(105, 106, 107, 117, 125)"
optimised,12,24,5,19,19,5,9,0,0,0,"(105, 106, 117, 124, 125)"
regular,20,29,5,24,24,5,14,0,0,0,"(105, 106, 117, 124, 125)"
optimised,12,22,5,17,17,5,7,0,0,0,"(105, 106, 117, 125, 126)"
regular,20,28,5,23,23,5,13,0,0,0,"(105, 106, 117, 125, 126)"
optimised,15,24,5,19,19,5,9,0,0,0,"(105, 117, 123, 124, 125)"
regular,22,30,5,25,25,5,15,0,0,0,"(105, 117, 123, 124, 125)"
optimised,14,21,5,16,16,5,6,0,0,0,"(105, 117, 124, 125, 126)"
regular,19,25,5,20,20,5,10,0,0,0,"(105, 117, 124, 125, 126)"
optimised,11,21,5,16,16,5,6,0,0,0,"(105, 117, 125, 126, 127)"
regular,20,27,5,22,22,5,12,0,0,0,"(105, 117, 125, 126, 127)"
optimised,11,21,5,16,16,5,6,0,0,0,"(106, 107, 108, 109, 110)"
regular,20,27,5,22,22,5,12,0,0,0,"(106, 107, 108, 109, 110)"
optimised,11,21,5,16,16,5,6,0,0,0,"(106, 107, 108, 109, 118)"
regular,20,27,5,22,22,5,12,0,0,0,"(106, 107, 108, 109, 118)"
optimised,11,21,5,16,16,5,6,0,0,0,"(107, 108, 109, 110, 111)"
regular,20,27,5,22,22,5,12,0,0,0,"(107, 108, 109, 110, 111)"
optimised,14,21,5,16,16,5,6,0,0,0,"(107, 108, 109, 110, 118)"
regular,18,24,5,19,19,5,9,0,0,0,"(107, 108, 109, 110, 118)"
optimised,11,21,5,16,16,5,6,0,0,0,"(107, 108, 109, 118, 129)"
regular,20,27,5,22,22,5,12,0,0,0,"(107, 108, 109, 118, 129)"
optimised,11,21,5,16,16,5,6,0,0,0,"(108, 109, 110, 111, 112)"
regular,20,27,5,22,22,5,12,0,0,0,"(108, 109, 110, 111, 112)"
optimised,13,20,5,15,15,5,5,0,0,0,"(108, 109, 110, 111, 118)"
regular,19,23,5,18,18,5,8,0,0,0,"(108, 109, 110, 111, 118)"
optimised,12,19,5,14,14,5,4,0,0,0,"(108, 109, 110, 118, 129)"
regular,15,22,5,17,17,5,7,0,0,0,"(108, 109, 110, 118, 129)"
optimised,13,22,5,17,17,5,7,0,0,0,"(108, 109, 118, 128, 129)"
regular,20,28,5,23,23,5,13,0,0,0,"(108, 109, 118, 128, 129)"
optimised,11,21,5,16,16,5,6,0,0,0,"(108, 109, 118, 129, 130)"
regular,20,27,5,22,22,5,12,0,0,0,"(108, 109, 118, 129, 130)"
optimised,11,21,5,16,16,5,6,0,0,0,"(109, 110, 111, 112, 113)"
regular,20,27,5,22,22,5,12,0,0,0,"(109, 110, 111, 112, 113)"
optimised,11,21,5,16,16,5,6,0,0,0,"(109, 110, 111, 112, 118)"
regular,24,29,5,24,24,5,14,0,0,0,"(109, 110, 111, 112, 118)"
optimised,11,20,5,15,15,5,5,0,0,0,"(109, 110, 111, 118, 129)"
regular,21,26,5,21,21,5,11,0,0,0,"(109, 110, 111, 118, 129)"
optimised,12,24,5,19,19,5,9,0,0,0,"(109, 110, 118, 128, 129)"
regular,20,29,5,24,24,5,14,0,0,0,"(109, 110, 118, 128, 129)"
optimised,12,22,5,17,17,5,7,0,0,0,"(109, 110, 118, 129, 130)"
regular,20,28,5,23,23,5,13,0,0,0,"(109, 110, 118, 129, 130)"
optimised,15,24,5,19,19,5,9,0,0,0,"(109, 118, 127, 128, 129)"
regular,22,30,5,25,25,5,15,0,0,0,"(109, 118, 127, 128, 129)"
optimised,14,21,5,16,16,5,6,0,0,0,"(109, 118, 128, 129, 130)"
regular,19,25,5,20,20,5,10,0,0,0,"(109, 118, 128, 129, 130)"
optimised,11,21,5,16,16,5,6,0,0,0,"(109, 118, 129, 130, 131)"
regular,20,27,5,22,22,5,12,0,0,0,"(109, 118, 129, 130, 131)"
optimised,11,21,5,16,16,5,6,0,0,0,"(110, 111, 112, 113, 114)"
regular,20,27,5,22,22,5,12,0,0,0,"(110, 111, 112, 113, 114)"
optimised,11,21,5,16,16,5,6,0,0,0,"(110, 111, 112, 113, 119)"
regular,20,27,5,22,22,5,12,0,0,0,"(110, 111, 112, 113, 119)"
optimised,11,21,5,16,16,5,6,0,0,0,"(111, 112, 113, 114, 115)"
regular,20,27,5,22,22,5,12,0,0,0,"(111, 112, 113, 114, 115)"
optimised,14,21,5,16,16,5,6,0,0,0,"(111, 112, 113, 114, 119)"
regular,18,24,5,19,19,5,9,0,0,0,"(111, 112, 113, 114, 119)"
optimised,11,21,5,16,16,5,6,0,0,0,"(111, 112, 113, 119, 133)"
regular,20,27,5,22,22,5,12,0,0,0,"(111, 112, 113, 119, 133)"
optimised,13,20,5,15,15,5,5,0,0,0,"(112, 113, 114, 115, 119)"
regular,19,23,5,18,18,5,8,0,0,0,"(112, 113, 114, 115, 119)"
optimised,12,19,5,14,14,5,4,0,0,0,"(112, 113, 114, 119, 133)"
regular,15,22,5,17,17,5,7,0,0,0,"(112, 113, 114, 119, 133)"
optimised,13,22,5,17,17,5,7,0,0,0,"(112, 113, 119, 132, 133)"
regular,20,28,5,23,23,5,13,0,0,0,"(112, 113, 119, 132, 133)"
optimised,11,21,5,16,16,5,6,0,0,0,"(112, 113, 119, 133, 134)"
regular,20,27,5,22,22,5,12,0,0,0,"(112, 113, 119, 133, 134)"
optimised,11,20,5,15,15,5,5,0,0,0,"(113, 114, 115, 119, 133)"
regular,21,26,5,21,21,5,11,0,0,0,"(113, 114, 115, 119, 133)"
optimised,12,24,5,19,19,5,9,0,0,0,"(113, 114, 119, 132, 133)"
regular,20,29,5,24,24,5,14,0,0,0,"(113, 114, 119, 132, 133)"
optimised,12,22,5,17,17,5,7,0,0,0,"(113, 114, 119, 133, 134)"
regular,20,28,5,23,23,5,13,0,0,0,"(113, 114, 119, 133, 134)"
optimised,15,24,5,19,19,5,9,0,0,0,"(113, 119, 131, 132, 133)"
regular,22,30,5,25,25,5,15,0,0,0,"(113, 119, 131, 132, 133)"
optimised,14,21,5,16,16,5,6,0,0,0,"(113, 119, 132, 133, 134)"
regular,19,25,5,20,20,5,10,0,0,0,"(113, 119, 132, 133, 134)"
optimised,11,21,5,16,16,5,6,0,0,0,"(113, 119, 133, 134, 135)"
regular,20,27,5,22,22,5,12,0,0,0,"(113, 119, 133, 134, 135)"
optimised,15,21,5,16,16,5,6,0,0,0,"(116, 120, 121, 122, 123)"
regular,14,21,5,16,16,5,6,0,0,0,"(116, 120, 121, 122, 123)"
optimised,11,21,5,16,16,5,6,0,0,0,"(116, 121, 122, 123, 124)"
regular,20,27,5,22,22,5,12,0,0,0,"(116, 121, 122, 123, 124)"
optimised,11,21,5,16,16,5,6,0,0,0,"(116, 121, 122, 123, 136)"
regular,20,27,5,22,22,5,12,0,0,0,"(116, 121, 122, 123, 136)"
optimised,12,22,5,17,17,5,7,0,0,0,"(117, 122, 123, 124, 125)"
regular,18,27,5,22,22,5,12,0,0,0,"(117, 122, 123, 124, 125)"
optimised,12,20,5,15,15,5,5,0,0,0,"(117, 123, 124, 125, 126)"
regular,17,24,5,19,19,5,9,0,0,0,"(117, 123, 124, 125, 126)"
optimised,11,20,5,15,15,5,5,0,0,0,"(117, 123, 124, 125, 136)"
regular,15,24,5,19,19,5,9,0,0,0,"(117, 123, 124, 125, 136)"
optimised,15,21,5,16,16,5,6,0,0,0,"(117, 124, 125, 126, 127)"
regular,14,21,5,16,16,5,6,0,0,0,"(117, 124, 125, 126, 127)"
optimised,11,21,5,16,16,5,6,0,0,0,"(117, 125, 126, 127, 128)"
regular,20,27,5,22,22,5,12,0,0,0,"(117, 125, 126, 127, 128)"
optimised,11,21,5,16,16,5,6,0,0,0,"(117, 125, 126, 127, 137)"
regular,20,27,5,22,22,5,12,0,0,0,"(117, 125, 126, 127, 137)"
optimised,12,22,5,17,17,5,7,0,0,0,"(118, 126, 127, 128, 129)"
regular,18,27,5,22,22,5,12,0,0,0,"(118, 126, 127, 128, 129)"
optimised,12,20,5,15,15,5,5,0,0,0,"(118, 127, 128, 129, 130)"
regular,17,24,5,19,19,5,9,0,0,0,"(118, 127, 128, 129, 130)"
optimised,11,20,5,15,15,5,5,0,0,0,"(118, 127, 128, 129, 137)"
regular,15,24,5,19,19,5,9,0,0,0,"(118, 127, 128, 129, 137)"
optimised,15,21,5,16,16,5,6,0,0,0,"(118, 128, 129, 130, 131)"
regular,14,21,5,16,16,5,6,0,0,0,"(118, 128, 129, 130, 131)"
optimised,11,21,5,16,16,5,6,0,0,0,"(118, 129, 130, 131, 132)"
regular,20,27,5,22,22,5,12,0,0,0,"(118, 129, 130, 131, 132)"
optimised,11,21,5,16,16,5,6,0,0,0,"(118, 129, 130, 131, 138)"
regular,20,27,5,22,22,5,12,0,0,0,"(118, 129, 130, 131, 138)"
optimised,12,22,5,17,17,5,7,0,0,0,"(119, 130, 131, 132, 133)"
regular,18,27,5,22,22,5,12,0,0,0,"(119, 130, 131, 132, 133)"
optimised,12,20,5,15,15,5,5,0,0,0,"(119, 131, 132, 133, 134)"
regular,17,24,5,19,19,5,9,0,0,0,"(119, 131, 132, 133, 134)"
optimised,11,20,5,15,15,5,5,0,0,0,"(119, 131, 132, 133, 138)"
regular,15,24,5,19,19,5,9,0,0,0,"(119, 131, 132, 133, 138)"
optimised,15,21,5,16,16,5,6,0,0,0,"(119, 132, 133, 134, 135)"
regular,14,21,5,16,16,5,6,0,0,0,"(119, 132, 133, 134, 135)"
optimised,11,21,5,16,16,5,6,0,0,0,"(119, 133, 134, 135, 139)"
regular,20,27,5,22,22,5,12,0,0,0,"(119, 133, 134, 135, 139)"
optimised,11,21,5,16,16,5,6,0,0,0,"(120, 121, 122, 123, 124)"
regular,20,27,5,22,22,5,12,0,0,0,"(120, 121, 122, 123, 124)"
optimised,11,21,5,16,16,5,6,0,0,0,"(120, 121, 122, 123, 136)"
regular,20,27,5,22,22,5,12,0,0,0,"(120, 121, 122, 123, 136)"
optimised,11,21,5,16,16,5,6,0,0,0,"(121, 122, 123, 124, 125)"
regular,20,27,5,22,22,5,12,0,0,0,"(121, 122, 123, 124, 125)"
optimised,14,21,5,16,16,5,6,0,0,0,"(121, 122, 123, 124, 136)"
regular,18,24,5,19,19,5,9,0,0,0,"(121, 122, 123, 124, 136)"
optimised,11,21,5,16,16,5,6,0,0,0,"(121, 122, 123, 136, 143)"
regular,20,27,5,22,22,5,12,0,0,0,"(121, 122, 123, 136, 143)"
optimised,11,21,5,16,16,5,6,0,0,0,"(122, 123, 124, 125, 126)"
regular,20,27,5,22,22,5,12,0,0,0,"(122, 123, 124, 125, 126)"
optimised,13,20,5,15,15,5,5,0,0,0,"(122, 123, 124, 125, 136)"
regular,19,23,5,18,18,5,8,0,0,0,"(122, 123, 124, 125, 136)"
optimised,12,19,5,14,14,5,4,0,0,0,"(122, 123, 124, 136, 143)"
regular,15,22,5,17,17,5,7,0,0,0,"(122, 123, 124, 136, 143)"
optimised,13,22,5,17,17,5,7,0,0,0,"(122, 123, 136, 142, 143)"
regular,20,28,5,23,23,5,13,0,0,0,"(122, 123, 136, 142, 143)"
optimised,11,21,5,16,16,5,6,0,0,0,"(122, 123, 136, 143, 144)"
regular,20,27,5,22,22,5,12,0,0,0,"(122, 123, 136, 143, 144)"
optimised,11,21,5,16,16,5,6,0,0,0,"(123, 124, 125, 126, 127)"
regular,20,27,5,22,22,5,12,0,0,0,"(123, 124, 125, 126, 127)"
optimised,11,21,5,16,16,5,6,0,0,0,"(123, 124, 125, 126, 136)"
regular,24,29,5,24,24,5,14,0,0,0,"(123, 124, 125, 126, 136)"
optimised,11,20,5,15,15,5,5,0,0,0,"(123, 124, 125, 136, 143)"
regular,21,26,5,21,21,5,11,0,0,0,"(123, 124, 125, 136, 143)"
optimised,12,24,5,19,19,5,9,0,0,0,"(123, 124, 136, 142, 143)"
regular,20,29,5,24,24,5,14,0,0,0,"(123, 124, 136, 142, 143)"
optimised,12,22,5,17,17,5,7,0,0,0,"(123, 124, 136, 143, 144)"
regular,20,28,5,23,23,5,13,0,0,0,"(123, 124, 136, 143, 144)"
optimised,15,24,5,19,19,5,9,0,0,0,"(123, 136, 141, 142, 143)"
regular,22,30,5,25,25,5,15,0,0,0,"(123, 136, 141, 142, 143)"
optimised,14,21,5,16,16,5,6,0,0,0,"(123, 136, 142, 143, 144)"
regular,19,25,5,20,20,5,10,0,0,0,"(123, 136, 142, 143, 144)"
optimised,11,21,5,16,16,5,6,0,0,0,"(123, 136, 143, 144, 145)"
regular,20,27,5,22,22,5,12,0,0,0,"(123, 136, 143, 144, 145)"
optimised,11,21,5,16,16,5,6,0,0,0,"(124, 125, 126, 127, 128)"
regular,20,27,5,22,22,5,12,0,0,0,"(124, 125, 126, 127, 128)"
optimised,11,21,5,16,16,5,6,0,0,0,"(124, 125, 126, 127, 137)"
regular,20,27,5,22,22,5,12,0,0,0,"(124, 125, 126, 127, 137)"
optimised,11,21,5,16,16,5,6,0,0,0,"(125, 126, 127, 128, 129)"
regular,20,27,5,22,22,5,12,0,0,0,"(125, 126, 127, 128, 129)"
optimised,14,21,5,16,16,5,6,0,0,0,"(125, 126, 127, 128, 137)"
regular,18,24,5,19,19,5,9,0,0,0,"(125, 126, 127, 128, 137)"
optimised,11,21,5,16,16,5,6,0,0,0,"(125, 126, 127, 137, 147)"
regular,20,27,5,22,22,5,12,0,0,0,"(125, 126, 127, 137, 147)"
optimised,11,21,5,16,16,5,6,0,0,0,"(126, 127, 128, 129, 130)"
regular,20,27,5,22,22,5,12,0,0,0,"(126, 127, 128, 129, 130)"
optimised,13,20,5,15,15,5,5,0,0,0,"(126, 127, 128, 129, 137)"
regular,19,23,5,18,18,5,8,0,0,0,"(126, 127, 128, 129, 137)"
optimised,12,19,5,14,14,5,4,0,0,0,"(126, 127, 128, 137, 147)"
regular,15,22,5,17,17,5,7,0,0,0,"(126, 127, 128, 137, 147)"
optimised,13,22,5,17,17,5,7,0,0,0,"(126, 127, 137, 146, 147)"
regular,20,28,5,23,23,5,13,0,0,0,"(126, 127, 137, 146, 147)"
optimised,11,21,5,16,16,5,6,0,0,0,"(126, 127, 137, 147, 148)"
regular,20,27,5,22,22,5,12,0,0,0,"(126, 127, 137, 147, 148)"
optimised,11,21,5,16,16,5,6,0,0,0,"(127, 128, 129, 130, 131)"
regular,20,27,5,22,22,5,12,0,0,0,"(127, 128, 129, 130, 131)"
optimised,11,21,5,16,16,5,6,0,0,0,"(127, 128, 129, 130, 137)"
regular,24,29,5,24,24,5,14,0,0,0,"(127, 128, 129, 130, 137)"
optimised,11,20,5,15,15,5,5,0,0,0,"(127, 128, 129, 137, 147)"
regular,21,26,5,21,21,5,11,0,0,0,"(127, 128, 129, 137, 147)"
optimised,12,24,5,19,19,5,9,0,0,0,"(127, 128, 137, 146, 147)"
regular,20,29,5,24,24,5,14,0,0,0,"(127, 128, 137, 146, 147)"
optimised,12,22,5,17,17,5,7,0,0,0,"(127, 128, 137, 147, 148)"
regular,20,28,5,23,23,5,13,0,0,0,"(127, 128, 137, 147, 148)"
optimised,15,24,5,19,19,5,9,0,0,0,"(127, 137, 145, 146, 147)"
regular,22,30,5,25,25,5,15,0,0,0,"(127, 137, 145, 146, 147)"
optimised,14,21,5,16,16,5,6,0,0,0,"(127, 137, 146, 147, 148)"
regular,19,25,5,20,20,5,10,0,0,0,"(127, 137, 146, 147, 148)"
optimised,11,21,5,16,16,5,6,0,0,0,"(127, 137, 147, 148, 149)"
regular,20,27,5,22,22,5,12,0,0,0,"(127, 137, 147, 148, 149)"
optimised,11,21,5,16,16,5,6,0,0,0,"(128, 129, 130, 131, 132)"
regular,20,27,5,22,22,5,12,0,0,0,"(128, 129, 130, 131, 132)"
optimised,11,21,5,16,16,5,6,0,0,0,"(128, 129, 130, 131, 138)"
regular,20,27,5,22,22,5,12,0,0,0,"(128, 129, 130, 131, 138)"
optimised,11,21,5,16,16,5,6,0,0,0,"(129, 130, 131, 132, 133)"
regular,20,27,5,22,22,5,12,0,0,0,"(129, 130, 131, 132, 133)"
optimised,14,21,5,16,16,5,6,0,0,0,"(129, 130, 131, 132, 138)"
regular,18,24,5,19,19,5,9,0,0,0,"(129, 130, 131, 132, 138)"
optimised,11,21,5,16,16,5,6,0,0,0,"(129, 130, 131, 138, 151)"
regular,20,27,5,22,22,5,12,0,0,0,"(129, 130, 131, 138, 151)"
optimised,11,21,5,16,16,5,6,0,0,0,"(130, 131, 132, 133, 134)"
regular,20,27,5,22,22,5,12,0,0,0,"(130, 131, 132, 133, 134)"
optimised,13,20,5,15,15,5,5,0,0,0,"(130, 131, 132, 133, 138)"
regular,19,23,5,18,18,5,8,0,0,0,"(130, 131, 132, 133, 138)"
optimised,12,19,5,14,14,5,4,0,0,0,"(130, 131, 132, 138, 151)"
regular,15,22,5,17,17,5,7,0,0,0,"(130, 131, 132, 138, 151)"
optimised,13,22,5,17,17,5,7,0,0,0,"(130, 131, 138, 150, 151)"
regular,20,28,5,23,23,5,13,0,0,0,"(130, 131, 138, 150, 151)"
optimised,11,21,5,16,16,5,6,0,0,0,"(130, 131, 138, 151, 152)"
regular,20,27,5,22,22,5,12,0,0,0,"(130, 131, 138, 151, 152)"
optimised,11,21,5,16,16,5,6,0,0,0,"(131, 132, 133, 134, 135)"
regular,20,27,5,22,22,5,12,0,0,0,"(131, 132, 133, 134, 135)"
optimised,11,21,5,16,16,5,6,0,0,0,"(131, 132, 133, 134, 138)"
regular,24,29,5,24,24,5,14,0,0,0,"(131, 132, 133, 134, 138)"
optimised,11,20,5,15,15,5,5,0,0,0,"(131, 132, 133, 138, 151)"
regular,21,26,5,21,21,5,11,0,0,0,"(131, 132, 133, 138, 151)"
optimised,12,24,5,19,19,5,9,0,0,0,"(131, 132, 138, 150, 151)"
regular,20,29,5,24,24,5,14,0,0,0,"(131, 132, 138, 150, 151)"
optimised,12,22,5,17,17,5,7,0,0,0,"(131, 132, 138, 151, 152)"
regular,20,28,5,23,23,5,13,0,0,0,"(131, 132, 138, 151, 152)"
optimised,15,24,5,19,19,5,9,0,0,0,"(131, 138, 149, 150, 151)"
regular,22,30,5,25,25,5,15,0,0,0,"(131, 138, 149, 150, 151)"
optimised,14,21,5,16,16,5,6,0,0,0,"(131, 138, 150, 151, 152)"
regular,19,25,5,20,20,5,10,0,0,0,"(131, 138, 150, 151, 152)"
optimised,11,21,5,16,16,5,6,0,0,0,"(131, 138, 151, 152, 153)"
regular,20,27,5,22,22,5,12,0,0,0,"(131, 138, 151, 152, 153)"
optimised,11,21,5,16,16,5,6,0,0,0,"(132, 133, 134, 135, 139)"
regular,20,27,5,22,22,5,12,0,0,0,"(132, 133, 134, 135, 139)"
optimised,11,21,5,16,16,5,6,0,0,0,"(133, 134, 135, 139, 155)"
regular,20,27,5,22,22,5,12,0,0,0,"(133, 134, 135, 139, 155)"
optimised,13,22,5,17,17,5,7,0,0,0,"(134, 135, 139, 154, 155)"
regular,20,28,5,23,23,5,13,0,0,0,"(134, 135, 139, 154, 155)"
optimised,15,24,5,19,19,5,9,0,0,0,"(135, 139, 153, 154, 155)"
regular,22,30,5,25,25,5,15,0,0,0,"(135, 139, 153, 154, 155)"
optimised,12,22,5,17,17,5,7,0,0,0,"(136, 140, 141, 142, 143)"
regular,18,27,5,22,22,5,12,0,0,0,"(136, 140, 141, 142, 143)"
optimised,12,20,5,15,15,5,5,0,0,0,"(136, 141, 142, 143, 144)"
regular,17,24,5,19,19,5,9,0,0,0,"(136, 141, 142, 143, 144)"
optimised,15,21,5,16,16,5,6,0,0,0,"(136, 142, 143, 144, 145)"
regular,14,21,5,16,16,5,6,0,0,0,"(136, 142, 143, 144, 145)"
optimised,11,21,5,16,16,5,6,0,0,0,"(136, 143, 144, 145, 146)"
regular,20,27,5,22,22,5,12,0,0,0,"(136, 143, 144, 145, 146)"
optimised,12,22,5,17,17,5,7,0,0,0,"(137, 144, 145, 146, 147)"
regular,18,27,5,22,22,5,12,0,0,0,"(137, 144, 145, 146, 147)"
optimised,12,20,5,15,15,5,5,0,0,0,"(137, 145, 146, 147, 148)"
regular,17,24,5,19,19,5,9,0,0,0,"(137, 145, 146, 147, 148)"
optimised,15,21,5,16,16,5,6,0,0,0,"(137, 146, 147, 148, 149)"
regular,14,21,5,16,16,5,6,0,0,0,"(137, 146, 147, 148, 149)"
optimised,11,21,5,16,16,5,6,0,0,0,"(137, 147, 148, 149, 150)"
regular,20,27,5,22,22,5,12,0,0,0,"(137, 147, 148, 149, 150)"
optimised,12,22,5,17,17,5,7,0,0,0,"(138, 148, 149, 150, 151)"
regular,18,27,5,22,22,5,12,0,0,0,"(138, 148, 149, 150, 151)"
optimised,12,20,5,15,15,5,5,0,0,0,"(138, 149, 150, 151, 152)"
regular,17,24,5,19,19,5,9,0,0,0,"(138, 149, 150, 151, 152)"
optimised,15,21,5,16,16,5,6,0,0,0,"(138, 150, 151, 152, 153)"
regular,14,21,5,16,16,5,6,0,0,0,"(138, 150, 151, 152, 153)"
optimised,11,21,5,16,16,5,6,0,0,0,"(138, 151, 152, 153, 154)"
regular,20,27,5,22,22,5,12,0,0,0,"(138, 151, 152, 153, 154)"
optimised,12,22,5,17,17,5,7,0,0,0,"(139, 152, 153, 154, 155)"
regular,18,27,5,22,22,5,12,0,0,0,"(139, 152, 153, 154, 155)"
optimised,11,21,5,16,16,5,6,0,0,0,"(140, 141, 142, 143, 144)"
regular,20,27,5,22,22,5,12,0,0,0,"(140, 141, 142, 143, 144)"
optimised,11,21,5,16,16,5,6,0,0,0,"(141, 142, 143, 144, 145)"
regular,20,27,5,22,22,5,12,0,0,0,"(141, 142, 143, 144, 145)"
optimised,11,21,5,16,16,5,6,0,0,0,"(142, 143, 144, 145, 146)"
regular,20,27,5,22,22,5,12,0,0,0,"(142, 143, 144, 145, 146)"
optimised,11,21,5,16,16,5,6,0,0,0,"(143, 144, 145, 146, 147)"
regular,20,27,5,22,22,5,12,0,0,0,"(143, 144, 145, 146, 147)"
optimised,11,21,5,16,16,5,6,0,0,0,"(144, 145, 146, 147, 148)"
regular,20,27,5,22,22,5,12,0,0,0,"(144, 145, 146, 147, 148)"
optimised,11,21,5,16,16,5,6,0,0,0,"(145, 146, 147, 148, 149)"
regular,20,27,5,22,22,5,12,0,0,0,"(145, 146, 147, 148, 149)"
optimised,11,21,5,16,16,5,6,0,0,0,"(146, 147, 148, 149, 150)"
regular,20,27,5,22,22,5,12,0,0,0,"(146, 147, 148, 149, 150)"
optimised,11,21,5,16,16,5,6,0,0,0,"(147, 148, 149, 150, 151)"
regular,20,27,5,22,22,5,12,0,0,0,"(147, 148, 149, 150, 151)"
optimised,11,21,5,16,16,5,6,0,0,0,"(148, 149, 150, 151, 152)"
regular,20,27,5,22,22,5,12,0,0,0,"(148, 149, 150, 151, 152)"
optimised,11,21,5,16,16,5,6,0,0,0,"(149, 150, 151, 152, 153)"
regular,20,27,5,22,22,5,12,0,0,0,"(149, 150, 151, 152, 153)"
optimised,11,21,5,16,16,5,6,0,0,0,"(150, 151, 152, 153, 154)"
regular,20,27,5,22,22,5,12,0,0,0,"(150, 151, 152, 153, 154)"
optimised,11,21,5,16,16,5,6,0,0,0,"(151, 152, 153, 154, 155)"
regular,20,27,5,22,22,5,12,0,0,0,"(151, 152, 153, 154, 155)"
